loc,is_unused,contains_sensitive,num_params,cyclomatic_complexity,commit_count,code_churn,days_since_last_edit,author_count,recent_modification,label
82,1,0,0,18,6,1118,173,3,0,0
174,1,1,0,13,49,779,554,7,0,2
175,1,0,3,7,3,1334,783,7,0,1
35,0,0,2,18,21,1177,134,6,0,0
139,0,1,3,14,35,142,80,11,0,0
29,0,0,1,11,31,972,536,4,0,0
60,1,1,0,7,43,1258,792,12,0,2
262,1,0,1,17,43,97,564,11,0,1
176,0,0,2,10,51,558,69,9,0,0
266,1,1,5,20,37,10,287,9,0,2
115,0,1,3,9,29,584,953,10,0,0
140,1,0,6,12,54,1250,1110,11,0,1
97,1,1,6,14,34,448,650,10,0,2
20,1,1,5,7,37,62,993,2,0,2
77,1,0,5,13,34,1173,876,2,0,1
109,1,0,5,3,14,1243,72,1,0,0
280,1,0,0,15,35,575,1148,2,0,1
245,1,0,6,15,43,259,697,11,0,1
296,0,1,1,2,50,1252,1006,6,0,0
23,0,1,2,13,23,574,904,4,0,0
54,0,1,1,8,37,72,124,7,0,0
28,0,0,6,6,24,863,346,4,0,0
26,1,0,6,10,42,222,509,11,0,1
133,1,1,0,18,41,738,658,9,0,2
113,0,0,2,10,9,710,347,10,0,0
291,0,1,0,1,32,952,1018,7,0,0
81,0,1,6,20,45,1071,1119,7,0,0
76,0,0,5,8,27,1308,767,9,0,0
67,0,1,0,1,50,189,317,11,0,0
59,1,1,1,11,48,1234,174,12,0,2
276,1,1,6,13,8,589,1129,7,0,2
290,0,0,0,5,42,316,757,12,0,0
67,0,0,2,9,48,1308,192,5,0,0
73,1,1,0,5,49,778,841,1,0,2
36,0,0,2,20,14,605,37,4,0,0
287,0,0,6,14,55,750,534,2,0,0
119,1,1,0,1,20,1400,268,6,0,2
52,0,0,0,14,23,1325,1079,2,0,0
256,1,1,0,10,28,11,243,1,0,2
298,1,0,6,3,22,31,1170,2,0,1
12,0,1,1,17,59,1222,1072,5,0,0
32,0,1,3,5,43,1444,892,3,0,0
106,1,0,3,5,44,1394,1095,4,0,1
13,1,1,2,18,17,100,1116,8,0,2
287,0,0,0,15,34,638,54,2,0,0
80,0,0,3,2,23,65,1048,11,0,0
108,0,0,3,11,55,1466,424,1,0,0
47,1,0,4,3,30,708,307,5,0,1
219,1,1,4,1,47,863,446,10,0,2
91,1,1,3,19,56,498,686,2,0,2
53,1,1,6,5,15,1301,552,2,0,2
39,0,1,6,18,24,294,1142,3,0,0
178,0,1,2,16,23,1026,782,9,0,0
193,1,1,2,9,56,1030,545,7,0,2
216,1,0,3,1,12,337,359,5,0,1
209,1,1,6,11,5,1064,581,5,0,2
205,1,0,6,3,55,805,433,12,0,1
104,1,1,1,1,57,709,20,11,1,2
121,0,0,0,2,55,1030,578,7,0,0
86,0,0,0,9,58,191,994,9,0,0
129,1,0,0,5,23,1057,434,5,0,1
291,1,1,5,13,52,968,930,5,0,2
229,1,0,5,15,20,1121,107,8,0,0
294,1,1,3,6,54,1403,462,9,0,2
112,0,1,5,17,33,144,628,5,0,0
180,0,1,2,9,30,971,260,8,0,0
27,0,0,1,17,53,1296,1043,10,0,0
188,0,0,2,16,18,186,61,3,0,0
43,0,1,4,1,43,915,1119,5,0,0
26,0,0,4,2,55,552,1044,4,0,0
6,0,1,1,9,15,1047,1110,2,0,0
218,1,1,2,18,22,540,737,4,0,2
127,0,1,5,3,59,1223,298,8,0,0
266,0,0,6,17,31,1158,571,9,0,0
186,1,0,1,16,16,1425,626,2,0,1
196,0,1,4,17,20,781,21,11,1,0
57,1,1,6,6,17,498,98,2,0,2
291,1,1,4,13,31,919,596,5,0,2
213,0,0,2,16,5,262,271,1,0,0
8,1,0,4,2,50,1376,647,6,0,1
34,0,0,2,6,56,6,967,3,0,0
246,1,1,2,13,22,911,148,10,0,2
170,1,0,3,5,27,705,466,8,0,1
147,0,0,2,17,20,952,390,1,0,0
94,0,0,2,20,32,1344,553,4,0,0
148,1,0,1,15,49,726,462,5,0,1
297,0,1,4,9,29,109,155,11,0,0
279,0,1,1,17,52,122,992,12,0,0
142,0,1,4,5,20,534,961,4,0,0
30,0,1,2,1,17,787,1155,7,0,0
82,1,1,2,18,38,1373,857,1,0,2
190,1,0,0,19,52,1271,12,1,1,0
176,0,1,0,20,32,135,783,11,0,0
193,0,1,1,10,37,867,56,12,0,0
13,0,1,3,8,60,1355,292,3,0,0
114,1,1,2,20,51,1289,573,10,0,2
218,0,0,1,3,5,510,266,6,0,0
103,1,0,1,6,19,477,446,9,0,1
219,1,1,1,8,24,810,878,8,0,2
111,1,1,4,7,42,1068,174,8,0,2
211,1,0,5,2,22,602,968,1,0,1
180,0,1,2,19,59,966,926,2,0,0
166,0,0,2,4,18,343,261,8,0,0
242,1,0,5,18,9,1111,351,4,0,1
235,1,0,2,15,39,451,1139,3,0,1
96,0,0,3,19,35,860,88,8,0,0
256,1,1,5,8,0,709,772,12,0,2
256,0,0,5,18,1,217,599,8,0,0
142,1,1,4,18,33,260,415,1,0,2
269,0,1,4,20,9,778,129,7,0,0
250,0,1,6,7,34,293,11,6,1,0
115,1,1,3,3,18,1138,797,3,0,2
199,0,0,1,18,21,84,763,6,0,0
275,1,1,6,8,35,1169,6,9,1,2
116,0,0,4,2,34,1470,792,11,0,0
188,0,1,5,19,36,1404,111,7,0,0
26,0,0,0,12,9,832,291,10,0,0
250,1,0,1,19,21,1430,485,10,0,1
150,0,1,5,15,13,563,78,7,0,0
217,1,1,0,13,14,630,1029,9,0,2
78,1,0,2,4,11,1180,185,11,0,1
157,0,0,0,17,23,361,886,4,0,0
260,1,0,6,12,42,216,139,4,0,0
280,0,1,0,7,38,244,479,3,0,0
257,0,0,3,5,47,1490,1154,4,0,0
256,1,0,1,4,40,575,650,8,0,1
133,0,1,0,7,52,405,370,3,0,0
42,0,0,2,19,51,596,540,10,0,0
46,0,1,3,16,14,145,948,1,0,0
125,0,1,1,16,57,1199,221,4,0,0
125,1,0,6,5,8,1307,192,2,0,1
276,0,0,1,3,43,411,304,10,0,0
60,0,0,2,1,19,463,278,7,0,0
7,1,1,6,8,0,890,369,10,0,2
135,0,0,6,15,55,81,190,3,0,0
206,1,0,0,6,36,731,670,9,0,1
159,1,1,1,18,14,526,232,3,0,2
220,1,0,0,17,58,1228,490,10,0,1
228,0,1,4,8,51,914,457,8,0,0
55,0,1,1,11,40,1229,339,7,0,0
144,0,0,6,17,42,166,783,7,0,0
273,0,1,5,1,19,640,157,4,0,0
223,0,1,4,2,14,85,754,6,0,0
133,1,1,4,20,38,1336,149,1,0,2
99,0,1,2,13,11,386,503,11,0,0
20,1,1,4,18,23,725,395,3,0,2
183,1,0,1,14,49,108,774,8,0,1
16,1,1,6,19,18,963,175,12,0,2
149,1,0,6,12,7,1014,548,10,0,1
226,0,1,4,19,15,1240,468,9,0,0
129,1,1,2,9,46,906,1000,2,0,2
35,0,1,3,9,54,710,908,11,0,0
126,0,0,0,12,4,179,423,7,0,0
191,0,0,2,6,42,626,799,1,0,0
233,1,1,6,20,36,10,867,7,0,2
6,1,1,3,2,39,1460,48,9,0,2
235,0,0,3,16,50,463,460,2,0,0
142,1,0,1,12,39,813,1168,12,0,1
210,1,0,0,19,11,1244,297,2,0,1
114,1,0,3,15,25,278,1016,2,0,1
48,0,0,0,20,37,346,93,4,0,0
252,0,0,4,20,53,950,456,11,0,0
290,0,0,2,10,41,660,137,11,0,0
290,0,1,2,7,27,1179,882,1,0,0
34,0,0,2,13,35,26,253,7,0,0
207,1,1,5,5,15,211,1090,1,0,2
79,1,1,1,11,58,1203,1067,5,0,2
36,0,1,3,9,57,476,492,9,0,0
145,1,0,0,5,15,714,21,3,1,0
290,0,0,0,13,54,615,1056,7,0,0
275,0,1,3,14,54,596,426,5,0,0
131,1,1,6,19,40,221,723,9,0,2
158,1,0,0,10,20,289,765,7,0,1
121,1,1,0,6,2,321,276,10,0,2
105,0,1,2,13,34,864,642,3,0,0
251,0,0,1,6,24,883,1097,10,0,0
68,0,1,5,7,7,103,520,11,0,0
242,0,0,0,11,38,857,818,10,0,0
232,1,0,0,9,50,185,906,7,0,1
8,0,0,1,16,3,534,179,1,0,0
127,0,0,2,2,57,473,952,7,0,0
104,0,0,0,10,16,1271,631,8,0,0
125,0,1,0,18,0,1183,47,10,0,0
256,0,0,6,2,26,617,968,9,0,0
95,1,1,2,9,48,977,473,8,0,2
129,1,1,5,5,22,799,985,12,0,2
140,0,0,6,10,10,218,567,1,0,0
249,0,0,0,19,15,561,1084,6,0,0
188,1,0,6,10,16,667,1171,2,0,1
89,1,1,2,14,4,399,1047,8,0,2
153,0,0,1,7,24,465,1184,7,0,0
289,1,0,4,5,2,1425,574,8,0,1
227,1,1,5,19,37,781,924,12,0,2
250,1,0,0,9,17,935,434,6,0,1
190,0,1,5,10,7,572,842,6,0,0
237,0,0,5,5,29,1323,1065,4,0,0
293,1,0,2,10,1,478,5,4,1,0
84,0,0,6,9,49,965,1079,12,0,0
95,1,0,2,3,25,1130,1101,10,0,1
135,0,0,5,19,11,108,1119,6,0,0
244,1,0,2,19,22,73,989,4,0,1
162,1,1,4,18,31,333,369,1,0,2
176,1,0,5,4,5,1231,271,2,0,1
158,0,1,6,8,7,884,822,10,0,0
155,1,0,6,20,1,549,124,4,0,0
287,0,0,2,10,52,469,1168,6,0,0
195,0,0,4,15,28,935,1028,7,0,0
88,1,1,6,17,11,224,412,6,0,2
180,0,0,3,20,60,875,416,5,0,0
173,1,0,2,19,37,1450,470,7,0,1
27,0,1,5,17,44,1309,1116,1,0,0
227,1,0,2,15,15,1231,1198,11,0,1
225,1,1,6,13,12,1463,444,4,0,2
170,1,1,0,17,39,1218,477,2,0,2
268,1,1,1,11,60,1149,510,10,0,2
189,1,0,2,11,13,607,130,5,0,0
18,0,0,4,17,50,1399,1051,11,0,0
80,1,0,5,3,36,1190,164,9,0,0
133,0,1,3,17,7,188,12,8,1,0
119,1,0,6,17,49,975,1060,6,0,1
90,0,0,4,7,5,1247,903,2,0,0
122,1,1,5,14,55,1327,398,4,0,2
255,1,0,4,6,39,514,420,8,0,1
233,0,1,1,10,46,250,791,10,0,0
284,0,0,5,18,31,323,749,5,0,0
62,0,1,5,9,45,137,738,9,0,0
53,0,1,3,3,53,1092,747,8,0,0
265,1,0,1,10,58,404,523,12,0,1
168,1,0,4,2,6,171,699,3,0,1
244,0,1,1,11,55,628,815,5,0,0
55,1,0,0,6,60,1131,748,7,0,1
53,0,0,3,19,37,156,403,9,0,0
148,1,1,4,6,47,1381,565,10,0,2
63,0,1,6,9,39,1415,875,5,0,0
228,0,1,5,1,54,704,781,5,0,0
198,1,0,2,9,3,703,605,9,0,1
253,0,1,6,18,19,155,528,3,0,0
144,1,0,6,14,54,894,1088,12,0,1
239,1,0,4,13,31,50,46,9,0,0
157,0,0,6,19,26,85,1115,8,0,0
174,0,1,1,2,36,626,463,2,0,0
112,1,1,0,7,5,124,1089,6,0,2
280,1,1,0,6,35,1254,228,3,0,2
145,0,0,5,14,48,443,800,9,0,0
226,0,1,0,11,40,1079,653,6,0,0
33,0,1,0,5,5,1055,299,11,0,0
219,0,0,5,17,55,1199,829,2,0,0
7,0,1,0,6,28,268,892,1,0,0
103,1,1,4,11,29,540,372,7,0,2
149,0,0,1,1,3,760,355,3,0,0
241,1,0,3,18,7,1117,297,10,0,1
38,1,0,2,7,14,1189,1149,5,0,1
218,1,1,2,3,11,365,228,11,0,2
236,0,0,4,20,2,506,987,1,0,0
56,0,0,0,9,37,537,1062,3,0,0
211,1,1,4,18,6,1101,731,11,0,2
106,1,1,4,17,57,962,26,1,1,2
45,1,0,5,16,43,1286,1039,1,0,1
153,1,0,5,17,46,1105,630,3,0,1
145,1,0,5,20,12,1162,143,5,0,0
130,0,0,0,17,51,610,755,5,0,0
285,1,1,2,13,22,1453,140,11,0,2
16,0,1,3,8,55,658,593,5,0,0
91,0,0,3,9,43,1369,580,10,0,0
133,1,0,1,2,57,1063,510,3,0,1
102,1,1,6,1,54,688,812,5,0,2
122,0,1,1,20,35,601,1025,2,0,0
256,0,1,3,4,27,198,990,6,0,0
199,1,1,0,6,29,857,164,12,0,2
181,1,0,4,7,1,1369,1051,9,0,1
253,0,1,4,10,18,349,141,9,0,0
201,0,1,1,7,34,905,433,2,0,0
73,1,1,2,13,24,220,185,2,0,2
159,1,1,5,20,22,1243,1132,2,0,2
255,0,1,0,12,28,915,764,12,0,0
111,1,0,0,3,57,197,517,7,0,1
84,1,0,2,16,33,489,1101,11,0,1
132,1,0,3,8,59,1376,901,5,0,1
82,0,1,5,7,8,1114,267,6,0,0
123,1,1,2,11,56,73,1145,4,0,2
215,1,0,1,1,56,1392,861,8,0,1
187,0,1,2,17,23,1361,435,2,0,0
142,1,0,4,6,2,378,992,3,0,1
76,0,1,0,17,25,203,1145,8,0,0
175,0,1,5,13,14,525,1175,12,0,0
51,1,0,0,17,1,1017,189,5,0,1
29,0,0,3,5,32,820,870,8,0,0
88,0,0,1,13,51,642,746,9,0,0
98,1,1,0,13,49,809,1000,4,0,2
204,1,1,1,14,12,781,137,9,0,2
199,1,1,4,12,15,346,402,9,0,2
273,0,1,0,10,11,524,1107,5,0,0
184,0,1,0,14,5,518,714,5,0,0
288,0,1,1,3,1,1016,1119,3,0,0
252,1,0,5,5,7,459,209,5,0,1
215,0,0,3,15,60,334,353,4,0,0
184,0,0,0,6,52,774,925,8,0,0
193,1,0,3,20,51,705,1010,6,0,1
77,1,0,1,2,54,1388,1113,12,0,1
145,1,1,1,7,58,718,1196,11,0,2
149,0,0,3,1,40,286,591,9,0,0
163,0,1,6,13,20,1018,1119,12,0,0
297,0,1,2,17,33,1272,748,7,0,0
235,0,1,5,6,15,93,79,2,0,0
31,1,0,6,16,33,588,658,2,0,1
111,0,0,0,18,34,600,268,7,0,0
58,1,1,1,4,44,863,508,5,0,2
176,1,0,6,11,11,1081,159,10,0,0
93,1,1,5,8,14,898,573,10,0,2
24,1,1,2,16,5,488,942,1,0,2
38,0,0,1,2,9,842,571,10,0,0
141,0,1,1,5,59,240,761,1,0,0
122,0,0,3,15,5,1304,241,2,0,0
67,0,1,1,2,35,1166,567,11,0,0
105,1,1,4,17,34,491,920,8,0,2
52,1,0,5,4,51,455,468,12,0,1
233,1,1,4,10,8,316,211,6,0,2
105,1,0,1,10,21,683,774,3,0,1
97,1,0,3,6,15,1147,364,5,0,1
268,0,0,6,9,55,1487,808,10,0,0
15,1,1,1,8,55,715,1106,9,0,2
294,1,0,3,4,10,123,1041,4,0,1
40,0,0,3,4,58,552,1034,11,0,0
185,1,1,6,14,16,1400,351,5,0,2
5,1,0,1,4,44,215,696,10,0,1
104,0,0,0,18,45,27,899,2,0,0
255,1,1,1,7,45,276,542,12,0,2
117,1,0,5,11,50,1125,588,8,0,1
277,1,1,0,9,38,1198,232,9,0,2
184,1,1,0,8,11,969,435,4,0,2
145,0,1,5,9,22,1157,348,3,0,0
177,1,1,5,7,1,1175,1109,4,0,2
79,1,1,1,6,43,1334,659,1,0,2
129,0,1,3,20,0,478,212,8,0,0
169,1,1,0,5,40,588,11,6,1,2
22,1,1,1,17,27,759,864,11,0,2
231,1,0,0,14,35,793,1168,8,0,1
34,0,0,5,3,51,180,591,7,0,0
121,0,1,6,14,3,175,981,9,0,0
167,0,0,0,11,32,1361,753,8,0,0
299,0,1,3,9,21,541,562,11,0,0
179,0,1,6,4,36,209,1001,1,0,0
73,0,0,2,7,28,394,87,9,0,0
30,1,1,6,2,39,282,245,11,0,2
68,0,1,4,2,28,586,131,2,0,0
250,0,0,0,9,49,459,614,4,0,0
42,1,1,0,5,43,956,1156,9,0,2
47,0,0,4,11,12,151,180,1,0,0
27,1,1,3,18,32,157,257,6,0,2
161,0,0,2,19,10,1022,523,4,0,0
89,0,1,4,8,31,17,703,5,0,0
208,0,0,1,13,44,1485,937,7,0,0
20,1,1,1,20,59,1012,1099,11,0,2
146,1,1,6,13,47,882,865,11,0,2
23,1,0,2,16,41,1230,1140,6,0,1
41,1,0,4,15,23,1064,814,4,0,1
10,0,0,0,19,60,120,990,10,0,0
9,0,1,1,4,40,957,23,9,1,0
227,1,1,3,3,53,10,1161,10,0,2
113,1,1,3,13,57,607,632,6,0,2
160,0,0,5,16,13,1198,134,5,0,0
293,1,0,3,4,4,73,783,11,0,1
185,0,0,2,20,42,339,182,1,0,0
141,1,0,4,20,38,1101,142,2,0,0
283,0,0,6,11,60,1247,564,11,0,0
249,0,1,5,3,45,16,1178,5,0,0
243,1,1,1,4,47,566,582,11,0,2
88,1,0,6,9,56,840,360,11,0,1
193,0,0,6,13,13,1367,140,9,0,0
23,1,1,1,1,37,882,652,2,0,2
215,0,0,3,9,36,1368,323,2,0,0
24,0,0,0,14,24,1296,802,11,0,0
193,1,0,4,6,33,1250,830,10,0,1
61,0,1,4,14,35,1412,922,3,0,0
232,0,1,4,20,9,253,565,6,0,0
74,0,0,4,10,25,1238,587,3,0,0
92,0,1,0,6,52,637,723,1,0,0
113,1,1,1,13,51,1384,1158,10,0,2
10,0,1,1,1,11,793,1021,8,0,0
117,0,0,5,4,60,1230,1153,4,0,0
272,0,0,4,17,17,1440,124,5,0,0
125,1,1,3,12,14,764,537,1,0,2
243,1,1,4,11,22,1212,1181,8,0,2
17,0,1,0,17,37,488,18,12,1,0
119,0,1,0,14,10,1311,583,5,0,0
259,0,1,5,6,22,606,1181,3,0,0
12,1,0,2,20,40,1487,1141,3,0,1
276,0,1,2,8,10,1093,521,12,0,0
117,1,1,4,18,22,976,32,11,0,2
291,1,1,0,8,10,850,887,10,0,2
208,1,0,2,6,30,524,893,9,0,1
127,1,1,3,9,42,250,828,1,0,2
144,0,0,4,12,55,153,715,5,0,0
232,1,1,3,12,3,131,330,11,0,2
225,0,1,3,2,2,828,1173,9,0,0
174,0,1,6,15,12,332,1147,5,0,0
53,1,1,5,14,58,499,38,4,0,2
237,0,0,5,13,11,127,237,7,0,0
227,1,1,0,15,31,636,796,8,0,2
153,0,0,6,14,25,823,313,1,0,0
139,1,0,2,20,60,5,629,7,0,1
292,1,0,0,9,12,1306,1166,10,0,1
52,1,1,2,18,17,949,1045,11,0,2
192,1,0,4,19,25,508,847,3,0,1
209,1,0,6,14,26,234,1107,4,0,1
111,0,0,4,11,58,1498,1049,12,0,0
21,1,0,2,15,45,210,210,7,0,1
194,0,0,2,14,42,357,337,2,0,0
207,0,1,5,9,18,669,580,1,0,0
192,0,0,6,13,8,845,996,5,0,0
168,1,1,3,15,6,923,846,9,0,2
265,0,1,1,19,59,56,389,12,0,0
123,0,0,2,17,25,199,915,11,0,0
190,0,1,0,3,3,968,788,4,0,0
156,0,1,5,17,4,737,483,5,0,0
297,1,0,4,7,1,362,590,8,0,1
31,1,1,6,4,36,1020,44,6,0,2
59,0,1,2,4,38,836,974,3,0,0
202,1,1,2,7,35,843,728,1,0,2
20,0,1,2,4,7,664,923,2,0,0
54,1,0,5,17,8,621,277,1,0,1
293,1,1,1,7,27,755,96,6,0,2
83,0,0,2,4,55,1029,303,8,0,0
184,1,1,5,14,58,510,38,8,0,2
212,0,0,4,6,48,1274,154,2,0,0
46,1,0,1,10,42,210,26,2,1,0
14,1,0,2,3,9,1082,259,1,0,1
252,1,1,1,14,3,291,850,2,0,2
251,1,0,0,3,51,1210,875,3,0,1
228,1,0,0,6,58,1076,703,10,0,1
78,1,0,2,15,45,342,205,12,0,1
255,0,0,1,12,47,86,332,3,0,0
144,0,0,5,18,10,960,538,10,0,0
200,0,0,6,17,0,481,976,9,0,0
299,0,0,6,4,29,1156,83,9,0,0
56,1,0,6,10,52,1077,1104,1,0,1
44,0,0,6,20,15,1405,158,12,0,0
300,0,0,6,3,31,1122,1112,6,0,0
36,0,1,1,8,19,952,750,1,0,0
256,1,1,2,17,25,513,980,5,0,2
292,1,1,3,4,56,864,924,12,0,2
295,1,1,4,20,25,303,546,5,0,2
103,0,0,2,9,10,1123,873,10,0,0
233,0,0,2,16,24,1006,291,1,0,0
116,0,1,1,8,59,466,1032,6,0,0
26,0,1,4,2,15,658,320,12,0,0
176,0,1,1,16,54,1122,522,6,0,0
15,1,1,5,8,39,543,620,6,0,2
285,1,0,5,12,50,1409,147,2,0,0
143,1,1,1,19,46,363,401,11,0,2
227,0,0,0,18,19,763,96,1,0,0
178,0,0,4,12,33,288,72,2,0,0
185,0,1,1,4,47,919,1055,8,0,0
210,0,1,6,5,58,1416,1006,11,0,0
231,1,0,1,15,6,1414,341,10,0,1
223,0,1,4,8,46,1221,712,9,0,0
196,0,1,1,6,34,4,741,8,0,0
263,0,0,5,9,14,698,866,11,0,0
296,0,0,1,2,39,473,39,1,0,0
243,1,1,6,8,44,1357,17,2,1,2
127,1,1,3,11,31,765,1178,5,0,2
204,1,0,0,8,2,1065,1000,12,0,1
188,1,1,3,12,49,1161,420,12,0,2
55,0,1,1,14,24,1192,397,8,0,0
64,0,0,0,4,39,1134,1160,6,0,0
179,1,0,2,12,27,265,214,6,0,1
259,0,1,3,12,6,424,877,5,0,0
281,1,1,1,7,3,507,1097,7,0,2
225,1,0,1,14,34,495,1111,8,0,1
194,1,0,5,18,46,478,187,12,0,1
69,0,1,2,3,56,73,1096,4,0,0
253,0,0,1,2,8,1053,1036,4,0,0
177,0,0,3,20,8,365,1001,12,0,0
40,1,1,6,11,54,1433,24,9,1,2
71,1,0,3,8,36,715,412,3,0,1
298,0,1,4,6,47,376,965,3,0,0
145,1,0,5,4,36,104,1169,3,0,1
169,0,0,3,17,26,1408,46,3,0,0
182,0,1,5,7,2,135,542,7,0,0
206,0,0,5,8,39,1021,1189,2,0,0
263,0,0,4,8,15,1424,1058,10,0,0
296,1,1,5,9,10,546,207,1,0,2
201,0,1,2,19,10,528,571,9,0,0
7,1,0,1,13,59,80,798,6,0,1
27,1,0,5,2,7,1160,969,7,0,1
295,1,1,3,20,58,354,584,12,0,2
68,0,0,0,10,27,1432,1023,5,0,0
79,1,0,4,15,26,1233,644,2,0,1
27,0,0,2,13,32,1040,1196,10,0,0
102,0,0,5,9,26,1450,971,3,0,0
17,1,1,5,9,43,481,1071,12,0,2
31,1,0,3,9,16,1094,965,12,0,1
296,0,0,0,1,15,1165,301,12,0,0
243,1,0,3,12,48,178,1169,8,0,1
78,1,1,0,7,50,537,676,9,0,2
228,1,1,2,8,58,287,646,5,0,2
173,0,1,6,17,57,1102,518,3,0,0
235,1,1,4,4,22,1446,553,1,0,2
131,1,0,6,17,31,805,605,3,0,1
59,0,0,0,9,47,1002,1175,5,0,0
297,1,0,6,13,26,1174,1191,8,0,1
212,1,0,4,1,4,1142,713,2,0,1
250,1,1,5,14,16,1082,310,7,0,2
262,0,1,0,20,25,526,518,1,0,0
267,0,0,4,12,41,761,573,8,0,0
70,1,0,0,13,17,1174,1147,2,0,1
14,1,0,4,1,54,124,1048,4,0,1
7,1,1,4,18,41,1374,697,7,0,2
141,1,1,4,15,6,1370,329,1,0,2
136,1,0,4,1,10,1010,279,4,0,1
109,1,0,2,14,17,959,955,10,0,1
98,1,0,1,13,29,1423,277,1,0,1
64,0,1,5,17,14,634,832,1,0,0
121,1,0,0,4,2,51,585,4,0,1
169,1,0,3,20,8,163,1174,12,0,1
80,0,1,5,10,39,411,818,10,0,0
153,1,0,4,16,21,1121,818,8,0,1
85,1,1,3,19,6,248,457,2,0,2
173,0,0,6,5,37,1193,533,2,0,0
129,1,1,6,8,28,429,433,6,0,2
74,1,0,6,14,24,716,260,2,0,1
171,0,0,4,11,4,1335,187,11,0,0
263,0,1,6,7,33,389,940,10,0,0
163,1,1,2,16,58,1301,57,3,0,2
181,1,0,3,14,26,1459,581,7,0,1
177,0,1,3,6,10,710,179,5,0,0
232,0,0,3,11,34,329,492,4,0,0
116,0,0,2,12,43,768,1101,5,0,0
106,0,1,2,6,58,692,788,5,0,0
180,1,1,3,10,23,653,979,9,0,2
254,0,1,4,18,24,1386,814,9,0,0
146,1,0,3,5,47,779,467,4,0,1
91,0,1,6,4,18,1244,1041,11,0,0
195,1,0,6,11,33,1320,691,9,0,1
188,0,1,3,2,27,930,691,11,0,0
136,0,1,2,14,1,769,340,9,0,0
127,1,1,3,16,32,1440,471,9,0,2
12,1,1,5,16,19,1243,591,9,0,2
101,0,0,5,17,12,584,822,2,0,0
121,1,0,2,2,23,453,637,5,0,1
78,0,1,5,11,27,1078,778,5,0,0
59,0,1,0,9,53,1155,356,9,0,0
191,1,1,0,6,10,689,182,11,0,2
100,0,0,0,18,2,25,674,8,0,0
135,0,0,3,20,56,1431,158,4,0,0
290,0,1,6,7,16,1104,120,11,0,0
18,0,0,1,7,21,847,287,9,0,0
264,0,1,1,14,51,1352,1127,7,0,0
182,1,0,4,9,5,294,1062,8,0,1
233,1,1,6,19,18,1329,788,9,0,2
184,1,0,6,15,53,523,589,7,0,1
42,0,0,2,3,5,958,1095,11,0,0
297,1,0,4,9,12,1343,385,10,0,1
9,0,1,6,12,53,1307,1126,3,0,0
51,1,1,5,11,59,641,1044,6,0,2
196,1,0,0,16,59,704,1151,3,0,1
95,1,0,4,15,50,129,795,6,0,1
260,0,0,3,20,2,119,351,2,0,0
156,0,1,6,11,20,369,659,5,0,0
223,0,1,1,2,30,1307,931,12,0,0
161,1,1,5,1,47,1268,158,8,0,2
90,0,0,2,8,48,361,1047,7,0,0
138,1,1,4,2,28,164,916,2,0,2
70,0,0,0,11,19,1365,400,2,0,0
221,0,0,5,7,36,717,312,6,0,0
243,0,1,2,8,2,101,638,8,0,0
84,1,0,1,1,3,39,592,9,0,1
31,1,1,2,15,8,879,1073,9,0,2
216,1,0,2,11,42,1342,1051,3,0,1
41,1,1,6,15,37,619,1040,12,0,2
248,0,1,4,13,57,1248,397,11,0,0
208,1,1,6,8,4,1129,1073,8,0,2
288,1,0,5,13,22,1425,159,10,0,0
270,1,1,3,6,9,525,83,4,0,2
120,0,1,6,4,3,363,524,12,0,0
223,1,0,5,20,18,232,967,9,0,1
28,1,0,5,10,6,1459,978,10,0,1
206,0,1,3,13,53,984,221,8,0,0
197,1,1,4,13,17,1150,437,7,0,2
296,0,1,0,9,55,399,872,9,0,0
296,1,1,0,3,29,844,848,11,0,2
290,0,1,6,14,0,1494,259,1,0,0
133,1,1,0,1,2,105,375,2,0,2
31,1,0,4,19,5,494,7,11,1,0
186,1,0,1,12,26,951,531,3,0,1
157,0,0,0,8,26,811,1191,10,0,0
243,0,1,4,6,42,265,473,5,0,0
78,0,1,5,17,20,145,796,5,0,0
72,0,0,4,2,0,1468,99,8,0,0
214,1,0,0,1,25,777,127,2,0,0
176,0,0,5,8,17,507,945,9,0,0
251,1,1,0,13,30,1302,290,2,0,2
99,1,0,1,5,36,1166,397,7,0,1
193,1,0,1,20,33,1174,983,1,0,1
281,0,0,2,15,34,243,1124,3,0,0
222,1,1,2,1,46,1170,1177,12,0,2
176,0,1,6,10,45,1249,238,6,0,0
37,0,1,0,20,53,952,707,9,0,0
33,0,0,2,9,30,311,615,9,0,0
46,1,0,6,12,27,787,648,8,0,1
98,0,0,2,12,11,1496,1110,2,0,0
245,0,1,5,19,5,534,387,9,0,0
22,1,0,4,11,5,261,630,6,0,1
51,0,1,5,15,46,1423,1018,11,0,0
248,0,1,4,1,41,1162,1123,3,0,0
246,0,0,0,11,29,475,831,9,0,0
135,1,0,0,20,0,1003,1087,6,0,1
21,1,0,6,4,6,843,78,1,0,0
102,1,0,2,13,46,1493,628,12,0,1
259,1,0,4,3,40,1157,526,7,0,1
288,0,1,4,14,10,554,876,6,0,0
239,1,0,1,15,34,644,737,12,0,1
290,1,0,2,17,15,1362,257,2,0,1
279,0,1,5,17,5,378,512,6,0,0
151,0,0,6,12,26,486,1154,1,0,0
201,1,1,6,20,60,1185,722,11,0,2
116,0,0,2,15,54,1172,464,6,0,0
220,0,1,5,8,52,430,700,11,0,0
31,0,1,2,12,37,549,1136,2,0,0
8,1,0,4,3,56,337,221,6,0,1
268,0,1,4,4,60,1035,874,2,0,0
162,0,1,1,6,7,379,18,10,1,0
175,1,0,5,18,52,11,1139,9,0,1
147,1,0,3,5,42,110,631,6,0,1
218,0,0,0,10,42,410,542,4,0,0
243,1,1,6,10,25,253,1133,10,0,2
65,0,0,5,2,40,179,686,12,0,0
71,1,1,1,7,48,1146,248,3,0,2
252,1,0,1,15,13,1142,250,11,0,1
150,1,1,4,7,41,186,863,7,0,2
116,0,1,6,8,12,491,712,12,0,0
146,1,0,2,20,57,1056,481,7,0,1
152,1,0,2,17,43,733,1065,12,0,1
8,0,0,4,11,59,220,763,5,0,0
213,1,0,1,12,15,235,451,12,0,1
184,0,0,4,12,32,257,845,4,0,0
274,0,0,6,10,21,620,1137,8,0,0
223,1,0,0,4,45,668,689,11,0,1
11,1,0,1,10,54,137,262,2,0,1
147,1,0,1,8,58,758,118,3,0,0
80,0,0,3,5,54,1243,1195,3,0,0
35,1,0,4,9,29,156,357,6,0,1
123,1,0,3,3,60,306,775,12,0,1
220,1,1,5,6,58,360,54,6,0,2
101,1,1,3,11,46,649,563,12,0,2
126,1,0,3,12,29,408,863,1,0,1
190,0,1,2,17,10,1088,49,12,0,0
212,0,0,1,20,21,104,882,2,0,0
289,1,0,6,10,33,1484,1123,6,0,1
254,0,0,0,8,54,939,471,12,0,0
58,0,0,0,4,24,1079,280,1,0,0
82,0,0,4,20,46,409,1127,1,0,0
275,0,0,4,15,22,237,502,1,0,0
197,0,1,6,17,27,922,841,12,0,0
167,0,0,0,16,46,272,206,1,0,0
197,1,1,2,11,27,1195,274,9,0,2
143,0,0,6,2,9,1345,897,12,0,0
18,0,1,6,18,13,1377,25,10,1,0
164,1,1,2,11,0,247,724,3,0,2
173,0,0,1,13,5,193,1056,8,0,0
214,1,0,2,1,17,494,1006,9,0,1
51,1,0,1,20,7,435,1173,2,0,1
59,0,1,3,13,14,955,1138,1,0,0
129,1,1,5,8,53,1163,661,10,0,2
226,1,0,0,6,39,375,1078,7,0,1
280,0,0,3,8,11,1330,525,1,0,0
128,0,0,4,9,41,1373,553,10,0,0
127,0,1,0,10,12,809,1009,8,0,0
76,1,1,1,15,40,1197,387,7,0,2
128,1,0,4,16,35,661,867,7,0,1
229,1,1,5,16,37,366,1090,6,0,2
149,1,0,0,13,8,1351,707,8,0,1
293,0,1,3,18,36,428,82,12,0,0
30,1,1,2,5,50,285,436,9,0,2
216,0,1,0,1,56,372,912,8,0,0
185,1,0,4,1,44,982,50,8,0,0
7,1,0,3,9,5,115,811,4,0,1
223,1,0,5,11,43,1201,1128,11,0,1
8,1,1,6,12,9,617,13,10,1,2
186,1,1,1,4,53,1155,750,5,0,2
173,0,0,4,3,52,1268,734,8,0,0
222,1,0,4,15,30,138,630,4,0,1
120,0,1,3,17,36,1030,799,10,0,0
44,1,1,0,19,32,556,888,10,0,2
102,0,0,2,1,48,244,421,4,0,0
268,0,0,0,17,55,647,708,6,0,0
50,0,1,6,4,40,1110,1089,6,0,0
25,0,1,0,13,22,1150,584,1,0,0
233,0,1,1,10,54,1288,101,10,0,0
202,0,1,0,18,8,268,401,8,0,0
119,0,0,5,10,19,425,1085,2,0,0
191,1,1,3,15,41,57,1105,2,0,2
270,0,1,2,20,24,1036,225,7,0,0
280,1,1,1,17,19,341,264,4,0,2
170,0,1,3,9,14,833,62,6,0,0
199,1,1,1,11,55,1371,969,6,0,2
153,0,1,2,17,55,1342,891,12,0,0
139,0,0,5,18,40,578,769,7,0,0
134,0,1,3,2,0,1393,861,9,0,0
290,0,1,5,4,60,257,711,4,0,0
28,0,1,0,3,42,213,749,11,0,0
34,1,0,1,14,17,147,1091,7,0,1
207,1,1,5,2,57,1149,249,10,0,2
154,1,1,5,5,44,1126,184,7,0,2
177,1,0,0,7,11,1253,1158,10,0,1
281,0,1,4,14,36,1499,186,5,0,0
88,0,1,4,9,4,1379,490,8,0,0
112,1,0,4,8,54,18,833,2,0,1
273,1,0,0,8,47,1424,641,1,0,1
62,0,0,3,20,37,1215,254,2,0,0
37,0,1,3,19,2,1360,228,12,0,0
163,1,1,0,13,59,969,633,9,0,2
277,1,0,2,20,58,950,33,2,0,0
249,0,0,1,16,32,1233,388,3,0,0
17,0,1,3,19,37,1295,720,11,0,0
40,1,0,3,14,41,749,1078,5,0,1
9,1,0,1,2,58,112,680,10,0,1
12,0,1,6,12,11,458,0,4,1,0
161,1,0,5,4,37,1081,1015,6,0,1
17,0,0,5,7,60,781,451,3,0,0
201,1,0,2,8,49,661,969,8,0,1
268,1,0,1,11,48,306,426,9,0,1
224,0,0,4,9,2,173,441,11,0,0
297,1,0,5,10,50,925,75,4,0,0
60,0,1,4,10,9,62,668,4,0,0
82,0,1,4,19,39,886,1073,8,0,0
139,0,0,6,11,1,1091,106,10,0,0
42,0,0,3,3,33,757,1018,3,0,0
300,1,1,4,17,0,6,738,7,0,2
179,1,1,1,10,38,351,932,3,0,2
210,1,1,1,1,37,1199,469,10,0,2
241,0,1,2,10,49,628,1185,4,0,0
164,1,1,1,4,13,183,125,12,0,2
49,0,0,0,7,18,654,702,4,0,0
168,0,0,1,8,57,749,711,6,0,0
219,0,0,3,16,45,33,250,11,0,0
143,0,1,1,8,40,414,899,7,0,0
133,1,0,2,15,28,1266,77,9,0,0
46,1,0,3,9,58,1409,233,2,0,1
56,1,1,0,6,48,390,1030,4,0,2
79,0,1,3,3,10,58,253,12,0,0
119,0,0,0,18,33,333,429,3,0,0
159,0,1,4,19,18,754,166,4,0,0
279,0,1,3,14,41,1055,103,2,0,0
66,1,1,4,3,12,701,1162,3,0,2
99,0,0,0,13,5,213,748,12,0,0
112,1,0,3,9,1,424,208,11,0,1
187,1,1,4,5,38,685,173,12,0,2
206,0,1,5,19,43,1470,1112,2,0,0
166,1,0,1,8,22,199,366,12,0,1
57,0,0,5,16,31,141,90,2,0,0
235,0,1,4,18,38,629,308,10,0,0
253,0,0,2,20,3,1170,892,4,0,0
47,1,1,0,9,13,1335,348,5,0,2
7,0,0,1,3,57,322,1163,10,0,0
5,0,1,3,8,42,1191,520,8,0,0
75,1,1,5,11,10,1319,639,4,0,2
147,1,1,4,5,30,604,390,9,0,2
28,0,0,5,9,46,1100,513,10,0,0
76,1,1,5,5,2,336,107,12,0,2
181,0,1,6,13,47,1361,49,8,0,0
54,0,0,1,9,44,1438,858,2,0,0
281,0,1,0,2,51,931,810,8,0,0
187,0,0,4,7,43,1461,1180,7,0,0
149,1,0,5,5,15,31,18,6,1,0
145,0,0,3,2,45,1078,603,9,0,0
102,0,0,4,14,35,1486,1149,5,0,0
133,1,0,4,1,48,872,562,7,0,1
154,1,1,3,2,46,1496,685,5,0,2
235,0,1,2,4,39,1340,753,10,0,0
64,0,1,1,13,17,1321,206,10,0,0
266,1,0,4,9,57,1199,1033,12,0,1
24,0,0,5,4,19,600,77,2,0,0
67,0,0,2,8,6,1322,810,3,0,0
236,1,1,2,19,0,1336,310,10,0,2
140,1,1,0,13,35,661,104,2,0,2
56,1,0,0,16,4,912,332,1,0,1
72,1,0,6,5,0,1051,242,8,0,1
15,0,0,1,8,38,16,949,3,0,0
227,1,0,6,11,29,1478,166,7,0,0
209,0,1,2,15,43,303,915,11,0,0
88,0,1,3,20,21,414,567,5,0,0
69,1,0,2,3,13,1212,612,12,0,1
281,0,1,3,15,23,1425,354,11,0,0
126,0,0,5,17,50,1381,960,4,0,0
195,1,0,0,5,12,267,335,2,0,1
62,1,0,1,16,24,1344,1112,6,0,1
71,0,1,6,2,51,626,645,5,0,0
69,1,0,0,16,17,823,1164,3,0,1
222,0,1,3,1,48,301,1052,8,0,0
22,0,1,1,8,14,988,730,10,0,0
197,1,0,6,15,25,933,1028,7,0,1
259,1,0,4,17,57,1447,908,2,0,1
167,1,1,1,20,39,671,292,2,0,2
59,0,1,6,17,42,198,847,4,0,0
14,1,1,3,7,25,1061,496,6,0,2
220,1,0,4,1,0,651,135,6,0,0
71,0,0,4,14,12,653,388,12,0,0
156,0,1,4,6,43,805,666,10,0,0
40,1,0,2,11,27,1375,1197,11,0,1
231,0,1,3,11,4,587,405,6,0,0
96,1,1,2,7,21,880,117,3,0,2
151,1,1,4,20,1,290,627,2,0,2
275,0,1,4,6,50,1092,919,2,0,0
188,0,1,5,6,33,1304,898,2,0,0
150,0,1,4,3,24,728,436,2,0,0
168,0,1,6,15,13,1417,147,11,0,0
183,0,0,3,12,46,806,705,10,0,0
143,1,1,6,17,45,939,959,6,0,2
277,0,0,3,15,21,1139,825,4,0,0
225,0,1,0,14,26,728,966,5,0,0
19,0,1,4,14,5,155,1095,7,0,0
217,1,1,3,16,44,471,219,10,0,2
74,0,1,5,17,31,501,263,7,0,0
48,1,0,6,10,25,483,920,11,0,1
57,0,0,1,8,42,1167,689,8,0,0
148,1,0,1,10,4,379,1028,5,0,1
13,1,0,2,10,29,218,1103,4,0,1
219,1,0,5,19,15,1148,280,5,0,1
133,1,1,6,16,36,63,493,5,0,2
287,0,0,2,19,3,210,593,5,0,0
93,1,1,2,18,16,714,279,1,0,2
21,0,0,1,9,19,1144,775,4,0,0
82,1,1,0,7,10,814,463,6,0,2
274,0,0,1,13,52,8,115,7,0,0
233,0,1,6,13,1,1140,756,6,0,0
153,0,1,3,10,20,460,436,1,0,0
270,0,1,2,15,44,1342,675,1,0,0
117,0,0,5,20,60,478,951,6,0,0
213,0,1,6,10,53,937,745,9,0,0
58,1,0,6,20,17,1272,246,9,0,1
82,1,0,4,13,32,589,916,1,0,1
60,0,1,4,10,42,167,561,4,0,0
159,1,1,5,7,50,140,735,12,0,2
257,0,1,5,12,16,878,126,9,0,0
178,0,1,5,13,27,521,936,12,0,0
210,0,0,1,14,40,103,1137,6,0,0
185,0,0,4,7,51,12,920,5,0,0
88,1,0,6,11,32,1029,833,3,0,1
124,0,1,3,1,46,1233,936,4,0,0
137,0,1,5,9,10,130,71,11,0,0
37,0,1,2,9,8,938,568,5,0,0
64,1,1,4,4,31,799,1067,1,0,2
154,0,1,6,12,17,803,298,4,0,0
92,0,0,6,3,18,390,884,12,0,0
48,1,0,3,5,26,40,469,12,0,1
108,0,0,2,8,14,87,844,1,0,0
8,1,1,3,3,2,502,561,11,0,2
77,0,1,0,8,13,75,896,2,0,0
110,0,0,6,6,33,241,392,9,0,0
167,0,1,3,7,15,127,187,6,0,0
123,0,0,6,12,14,304,54,8,0,0
45,0,0,0,12,47,1479,195,1,0,0
290,0,1,2,17,35,45,721,6,0,0
49,0,1,6,5,24,1429,562,3,0,0
266,0,1,0,6,56,924,515,1,0,0
209,1,0,0,16,18,25,769,8,0,1
98,1,0,4,14,24,1231,296,2,0,1
244,0,0,1,13,30,475,1115,1,0,0
168,0,0,4,3,17,844,874,5,0,0
169,0,1,4,19,43,1168,878,5,0,0
26,1,0,4,15,13,514,220,6,0,1
40,0,0,4,20,55,1328,170,11,0,0
255,0,1,4,12,12,994,35,4,0,0
44,1,1,6,18,41,814,289,6,0,2
261,1,1,5,4,7,1103,362,11,0,2
234,0,0,4,13,51,464,854,11,0,0
141,1,1,4,9,7,1199,819,5,0,2
93,1,0,1,16,31,795,718,7,0,1
34,1,0,4,4,56,361,814,11,0,1
172,1,0,4,3,58,1409,830,8,0,1
59,1,0,1,13,55,755,529,10,0,1
204,1,0,3,13,23,458,659,7,0,1
271,0,1,5,14,28,552,796,5,0,0
128,0,1,2,19,60,761,499,8,0,0
195,1,1,6,14,46,744,752,8,0,2
226,1,1,2,1,49,1300,335,2,0,2
72,1,0,5,7,25,598,321,5,0,1
207,0,0,1,11,9,1175,287,6,0,0
135,1,0,3,9,37,710,997,8,0,1
7,0,0,1,10,53,116,63,6,0,0
162,0,0,5,1,30,849,167,1,0,0
122,0,0,5,9,40,878,142,11,0,0
171,1,1,4,20,22,549,375,7,0,2
93,0,0,3,2,44,1444,968,6,0,0
76,1,1,0,6,30,672,1049,12,0,2
94,1,1,5,12,28,388,637,8,0,2
291,1,0,2,3,10,1450,803,12,0,1
235,1,0,6,17,26,175,353,5,0,1
207,1,1,0,11,26,609,1071,7,0,2
119,1,0,5,19,48,164,1061,7,0,1
298,1,0,3,15,36,229,1038,9,0,1
283,1,1,6,2,26,567,569,4,0,2
233,0,1,5,12,56,709,525,7,0,0
90,1,1,2,3,3,617,1050,8,0,2
235,1,1,4,1,12,64,349,1,0,2
298,0,0,5,6,26,1096,312,9,0,0
291,1,0,4,19,58,662,554,6,0,1
151,1,0,0,17,33,438,265,9,0,1
233,0,0,4,7,55,581,1111,3,0,0
35,1,0,1,3,3,108,1179,3,0,1
87,1,1,4,3,27,1379,1184,1,0,2
270,1,0,6,20,7,439,695,12,0,1
105,0,1,3,20,38,1345,691,10,0,0
28,0,1,6,9,4,1128,486,6,0,0
148,1,1,6,6,41,39,956,3,0,2
173,0,1,1,10,2,885,838,12,0,0
98,0,0,5,15,35,727,182,10,0,0
14,1,1,0,8,13,439,323,5,0,2
172,1,0,1,11,9,867,213,5,0,1
21,1,0,6,8,54,898,1123,9,0,1
171,1,1,2,2,35,1437,691,1,0,2
168,1,0,1,7,26,661,47,10,0,0
229,1,1,4,15,16,1266,936,6,0,2
183,1,0,1,13,31,1138,949,4,0,1
14,1,0,2,18,20,241,592,1,0,1
287,0,0,0,7,21,350,794,4,0,0
146,1,1,6,5,4,137,702,9,0,2
107,1,0,0,9,6,1374,990,6,0,1
108,1,1,5,16,38,760,236,7,0,2
234,0,1,2,20,34,603,1139,8,0,0
283,0,0,4,15,14,533,400,9,0,0
47,0,1,0,3,35,377,728,9,0,0
67,0,0,0,9,37,500,602,10,0,0
176,0,0,0,7,45,1215,799,10,0,0
77,1,1,2,18,55,1377,817,6,0,2
23,0,0,1,15,2,501,145,1,0,0
129,1,0,3,10,25,159,521,7,0,1
188,1,0,2,1,59,329,984,8,0,1
173,0,0,6,20,50,410,919,5,0,0
222,0,1,5,7,12,286,82,5,0,0
184,1,0,1,3,11,425,502,7,0,1
111,0,1,6,13,33,106,24,1,1,0
252,0,0,1,14,4,544,244,9,0,0
292,0,1,1,18,35,1470,83,12,0,0
203,0,0,5,5,18,788,851,2,0,0
194,1,0,1,7,37,1418,793,2,0,1
188,0,1,3,9,57,1107,623,7,0,0
25,1,0,6,19,36,528,41,9,0,0
150,1,1,4,11,9,400,1114,9,0,2
227,0,0,4,9,39,585,51,7,0,0
213,1,1,2,20,23,1461,142,10,0,2
168,0,1,6,11,34,499,996,1,0,0
147,1,1,2,16,29,374,368,1,0,2
131,1,1,5,10,19,1453,558,11,0,2
113,0,1,6,18,50,1019,618,6,0,0
170,0,0,3,12,47,515,660,1,0,0
149,1,0,1,14,18,830,926,8,0,1
239,0,0,5,1,39,1033,509,2,0,0
276,0,1,1,9,6,1044,633,1,0,0
206,1,1,6,8,33,858,236,11,0,2
176,0,1,5,7,56,1168,344,6,0,0
271,0,0,2,1,38,1019,865,8,0,0
170,1,0,5,10,24,747,304,2,0,1
103,0,1,2,18,47,542,869,6,0,0
290,0,0,3,13,5,377,671,12,0,0
162,0,0,6,1,32,1339,327,7,0,0
262,1,1,4,12,9,1059,747,11,0,2
127,1,1,5,9,47,1494,1186,2,0,2
58,1,0,1,16,19,1445,1179,9,0,1
66,0,0,0,4,33,1123,192,8,0,0
52,0,1,4,18,14,1010,716,1,0,0
46,0,1,5,16,10,229,794,12,0,0
18,1,0,3,20,20,1414,655,11,0,1
94,1,1,1,6,56,511,1066,4,0,2
281,1,1,2,3,54,879,160,11,0,2
59,1,0,3,10,51,702,392,7,0,1
30,1,1,4,2,33,1388,266,6,0,2
163,1,0,4,8,16,1482,566,7,0,1
246,1,1,4,8,21,332,662,11,0,2
207,1,1,0,16,32,795,1069,3,0,2
124,0,0,3,11,18,376,572,12,0,0
289,0,1,1,8,7,1396,70,5,0,0
278,0,0,0,19,58,160,825,3,0,0
72,1,0,2,16,9,71,273,2,0,1
37,1,0,3,5,27,783,860,11,0,1
27,1,0,0,11,15,752,704,9,0,1
151,1,1,4,18,1,1060,270,8,0,2
18,0,1,4,13,29,1294,888,1,0,0
42,1,1,0,4,2,34,410,12,0,2
192,1,1,1,16,36,801,966,1,0,2
74,1,0,2,13,34,63,252,4,0,1
199,0,0,3,7,50,1167,727,10,0,0
144,1,1,5,2,9,1379,647,9,0,2
177,1,0,4,12,12,1162,554,7,0,1
44,1,0,2,1,46,389,1056,6,0,1
96,1,0,2,9,50,1133,1040,11,0,1
80,1,0,2,15,28,1176,500,2,0,1
143,1,1,5,18,13,664,56,12,0,2
263,1,1,6,19,5,585,902,6,0,2
79,0,0,0,18,9,203,560,9,0,0
153,1,1,6,16,40,1164,488,6,0,2
89,0,0,3,19,18,1232,165,11,0,0
118,1,1,4,12,32,1197,678,9,0,2
141,0,0,5,16,47,1278,1137,1,0,0
142,1,1,0,3,54,152,1184,5,0,2
239,1,0,5,4,35,705,1013,6,0,1
95,0,0,6,11,17,871,310,2,0,0
21,1,1,0,6,58,376,402,10,0,2
178,0,0,4,19,12,17,130,12,0,0
40,0,0,3,18,26,471,268,12,0,0
108,0,0,1,13,16,1488,34,2,0,0
8,0,1,1,8,60,1158,1142,2,0,0
19,1,1,1,16,21,1478,549,7,0,2
178,0,0,1,14,8,1192,815,8,0,0
22,0,0,1,4,30,455,608,10,0,0
191,1,1,4,15,22,1220,1189,2,0,2
57,0,0,0,8,53,1293,472,1,0,0
225,1,0,0,5,38,820,1049,8,0,1
160,1,1,6,14,56,855,1064,10,0,2
180,1,1,6,11,8,667,1107,8,0,2
115,0,0,4,16,3,162,539,2,0,0
68,1,0,4,11,9,669,771,1,0,1
51,1,0,2,19,55,218,21,9,1,0
179,1,1,5,7,8,1027,318,9,0,2
289,0,1,2,8,11,116,33,12,0,0
101,0,0,3,11,19,917,1038,6,0,0
94,1,1,0,13,27,299,373,11,0,2
110,0,1,0,18,46,51,644,8,0,0
98,0,1,2,7,10,113,221,10,0,0
263,0,0,4,2,1,956,49,5,0,0
50,0,0,5,17,19,7,1040,8,0,0
292,1,1,4,8,50,1304,1150,9,0,2
201,1,0,3,8,28,187,328,3,0,1
7,1,1,1,6,44,1376,828,8,0,2
183,0,1,2,12,54,346,68,11,0,0
172,0,0,3,9,31,613,277,1,0,0
187,1,0,3,19,35,1446,718,2,0,1
199,1,1,1,1,60,896,957,9,0,2
273,1,0,4,2,7,1130,292,2,0,1
244,1,0,1,4,21,381,1029,11,0,1
272,1,1,1,5,57,1237,1077,7,0,2
50,1,0,2,4,42,40,118,11,0,0
183,1,1,3,1,53,776,537,2,0,2
50,1,0,1,1,31,349,701,4,0,1
153,0,1,0,18,44,794,1063,7,0,0
213,1,1,0,7,42,1457,528,4,0,2
26,0,0,2,3,2,1001,160,9,0,0
279,1,1,2,3,29,1277,952,3,0,2
43,0,0,0,4,4,677,734,8,0,0
259,1,1,6,17,44,766,621,3,0,2
169,0,0,3,3,31,340,576,9,0,0
33,0,0,2,6,4,139,173,10,0,0
222,0,0,6,20,11,762,368,1,0,0
136,1,1,6,5,31,967,174,11,0,2
294,1,1,2,10,35,532,0,9,1,2
117,0,0,2,2,44,1360,123,3,0,0
268,1,1,5,1,11,1281,353,2,0,2
159,0,0,0,20,45,479,549,7,0,0
268,0,1,5,14,2,1359,105,7,0,0
38,0,1,3,13,39,867,1169,6,0,0
187,1,1,1,6,18,1118,73,1,0,2
78,0,1,2,9,13,467,902,11,0,0
51,1,1,3,17,27,1192,149,8,0,2
147,0,1,2,12,30,1006,153,5,0,0
177,1,1,0,1,9,481,976,3,0,2
116,0,0,4,16,51,676,791,7,0,0
104,1,0,1,8,37,1222,455,6,0,1
19,0,0,2,16,54,512,967,7,0,0
152,1,0,3,13,49,1277,466,11,0,1
226,0,0,3,6,9,1421,120,4,0,0
183,0,0,2,12,56,1167,892,5,0,0
120,1,0,0,14,53,484,129,9,0,0
33,0,0,0,14,41,387,314,8,0,0
254,1,1,0,13,7,1190,526,9,0,2
277,1,0,3,2,14,1185,249,7,0,1
84,1,1,2,16,26,1172,792,11,0,2
54,0,1,1,19,11,651,956,12,0,0
47,1,0,1,3,32,1246,684,9,0,1
213,1,0,0,4,28,361,704,7,0,1
101,1,1,0,16,44,105,204,6,0,2
36,1,1,4,17,12,721,450,6,0,2
268,1,1,2,10,34,850,809,8,0,2
100,0,0,3,20,46,1400,689,4,0,0
63,1,0,3,11,52,308,1094,12,0,1
170,1,0,0,14,27,984,1151,9,0,1
249,0,0,1,12,22,1007,1052,3,0,0
195,1,0,0,4,33,676,544,10,0,1
108,0,0,0,6,23,591,388,10,0,0
199,1,0,6,19,8,753,839,12,0,1
252,0,1,0,6,20,2,1189,12,0,0
255,0,1,1,15,46,1113,173,6,0,0
43,1,1,2,7,12,1205,1009,12,0,2
65,0,0,4,14,40,852,558,10,0,0
80,1,0,3,17,9,532,523,7,0,1
26,0,1,1,14,38,890,190,5,0,0
40,1,0,5,20,47,1266,574,12,0,1
14,0,0,2,5,29,1304,323,10,0,0
243,0,0,1,7,23,820,553,4,0,0
45,0,1,5,10,45,1175,366,6,0,0
255,0,1,2,16,3,1016,925,4,0,0
54,1,1,3,20,59,231,772,9,0,2
223,0,0,2,17,41,1321,155,9,0,0
39,1,1,3,3,11,197,906,6,0,2
196,0,0,6,15,46,27,68,11,0,0
78,1,0,1,20,9,279,626,12,0,1
7,1,0,4,12,33,902,494,2,0,1
297,1,0,4,20,14,1432,1081,10,0,1
191,0,1,4,11,27,147,274,6,0,0
133,0,0,5,20,37,934,841,10,0,0
74,1,1,2,13,34,1482,1000,10,0,2
105,1,0,4,3,30,144,876,12,0,1
275,0,0,1,2,3,1444,588,12,0,0
238,0,1,0,5,53,635,1168,9,0,0
183,1,0,3,15,0,496,242,2,0,1
92,0,1,3,16,8,1004,47,1,0,0
62,0,0,0,16,56,1020,168,11,0,0
122,1,1,1,16,2,1089,802,4,0,2
58,1,0,4,8,30,930,482,8,0,1
247,1,1,2,4,47,1390,779,9,0,2
297,0,1,2,9,10,847,837,7,0,0
218,1,0,4,10,3,909,103,8,0,0
160,0,0,3,19,52,1104,1030,1,0,0
207,1,0,5,11,7,164,40,6,0,0
248,0,0,4,13,21,1454,495,10,0,0
284,1,0,2,14,21,279,356,2,0,1
149,1,0,0,16,25,1110,327,10,0,1
107,0,1,5,13,45,329,947,4,0,0
37,0,0,0,18,11,121,1196,12,0,0
230,1,0,1,20,25,264,480,4,0,1
293,0,1,1,3,29,1491,379,9,0,0
34,1,0,0,6,8,459,696,4,0,1
280,0,0,6,16,51,1320,554,8,0,0
176,1,0,6,13,55,140,982,5,0,1
43,1,1,4,10,39,472,523,7,0,2
28,1,1,1,1,42,180,853,7,0,2
97,0,0,5,6,40,305,782,8,0,0
5,1,0,4,18,46,886,887,10,0,1
29,1,0,0,17,17,23,234,1,0,1
64,1,0,6,10,11,1472,998,9,0,1
103,0,1,3,18,32,1191,319,8,0,0
168,1,1,5,17,31,1074,688,3,0,2
102,1,1,6,17,9,948,950,3,0,2
210,1,1,0,7,20,511,151,4,0,2
168,1,1,0,20,50,435,606,11,0,2
283,0,0,1,2,51,1024,1142,12,0,0
131,0,1,2,18,45,902,609,1,0,0
58,1,1,3,11,46,1495,444,2,0,2
70,1,0,3,4,32,511,305,3,0,1
175,1,0,2,1,23,1195,1027,4,0,1
129,0,1,5,7,12,441,1073,10,0,0
144,1,1,1,2,23,253,477,1,0,2
297,0,1,1,5,13,389,1156,4,0,0
292,1,0,6,4,45,573,515,11,0,1
134,1,1,4,5,4,697,846,11,0,2
114,0,1,6,17,39,957,152,3,0,0
181,0,0,4,13,31,518,362,5,0,0
112,1,1,6,3,7,1381,899,10,0,2
199,0,1,5,6,38,995,47,2,0,0
136,0,0,1,9,54,786,807,5,0,0
108,0,0,1,7,42,891,606,9,0,0
221,0,1,4,16,36,242,625,3,0,0
60,1,1,4,6,49,1409,720,11,0,2
91,1,1,1,17,27,657,592,3,0,2
45,1,0,2,5,49,943,32,2,0,0
223,0,1,4,17,42,1423,373,3,0,0
135,1,0,3,7,20,442,587,10,0,1
221,0,1,4,18,13,1143,16,3,1,0
161,0,1,6,8,11,470,45,9,0,0
60,1,1,5,9,27,958,189,10,0,2
67,0,1,0,2,56,329,966,5,0,0
11,1,0,4,16,38,669,679,3,0,1
219,0,0,5,18,39,964,240,6,0,0
27,0,1,2,11,17,343,513,2,0,0
27,1,1,0,13,60,706,756,2,0,2
271,1,0,3,1,13,1452,699,9,0,1
289,0,0,6,4,53,212,92,6,0,0
8,0,1,2,9,6,691,495,10,0,0
165,0,0,3,7,38,863,81,10,0,0
54,0,1,5,15,31,31,953,10,0,0
81,0,1,3,17,31,438,647,8,0,0
234,0,0,2,8,2,856,1038,12,0,0
90,0,1,1,18,30,1209,862,6,0,0
253,1,1,0,5,9,199,357,2,0,2
294,1,1,0,9,53,193,116,6,0,2
298,1,1,3,6,44,1405,558,6,0,2
294,1,0,0,18,26,1259,70,4,0,0
129,1,0,0,18,13,748,51,3,0,0
165,1,0,1,11,12,1362,944,1,0,1
239,1,0,3,17,24,571,623,3,0,1
31,1,1,1,10,38,474,731,12,0,2
281,1,0,2,18,22,584,1143,4,0,1
260,1,1,4,16,24,12,487,4,0,2
120,1,1,2,16,9,1340,169,9,0,2
5,0,0,6,20,21,1369,739,8,0,0
175,1,1,0,7,46,1328,1002,6,0,2
201,1,0,4,16,47,1304,282,6,0,1
292,0,1,2,18,28,326,291,10,0,0
221,0,0,4,8,1,1044,1148,3,0,0
151,0,0,2,1,56,1227,126,2,0,0
6,0,0,6,1,49,105,96,6,0,0
198,1,1,2,20,55,709,1048,6,0,2
208,0,0,4,8,49,58,174,1,0,0
190,0,1,0,5,29,1020,225,4,0,0
39,0,1,3,16,24,757,482,5,0,0
148,0,0,1,7,28,1493,654,8,0,0
142,1,1,6,20,31,550,568,4,0,2
110,1,1,3,12,14,1439,1033,12,0,2
128,1,1,6,12,33,1203,412,3,0,2
36,1,0,2,5,36,1320,30,12,0,0
59,0,1,3,3,20,1116,330,2,0,0
245,0,0,1,15,4,1406,330,10,0,0
139,0,0,5,18,42,3,1116,8,0,0
99,1,0,0,13,43,1074,751,7,0,1
277,1,0,1,18,39,21,809,7,0,1
213,0,1,5,15,12,161,400,6,0,0
184,0,1,4,7,54,177,143,12,0,0
132,0,0,4,18,8,853,881,2,0,0
257,1,0,5,2,18,1188,1198,7,0,1
150,1,1,0,8,55,994,1027,5,0,2
144,0,0,2,13,30,669,20,4,1,0
236,1,0,5,12,30,829,628,9,0,1
208,0,1,6,17,32,554,0,11,1,0
162,1,1,1,13,53,108,641,12,0,2
264,1,1,5,20,34,328,71,6,0,2
83,1,0,0,2,15,1454,988,10,0,1
286,0,1,1,1,6,1374,344,11,0,0
22,1,1,1,12,47,351,359,12,0,2
206,0,1,5,17,29,962,1097,4,0,0
183,0,0,6,3,59,1421,1117,12,0,0
237,0,1,4,5,59,1437,914,6,0,0
115,0,0,0,14,39,951,280,3,0,0
77,1,1,5,1,5,1287,497,12,0,2
80,1,1,6,9,32,1111,131,7,0,2
155,1,0,4,10,36,742,1091,7,0,1
46,0,1,4,13,19,684,270,10,0,0
294,0,0,1,10,17,1119,1037,2,0,0
147,1,0,6,8,56,1123,653,4,0,1
285,0,0,5,5,9,1071,1149,9,0,0
165,0,1,4,12,0,1107,31,10,0,0
59,1,0,6,1,30,501,4,7,1,0
106,1,1,0,2,56,1051,411,8,0,2
52,0,1,5,13,47,674,662,6,0,0
61,0,0,4,9,14,1348,258,4,0,0
142,0,0,5,19,2,1028,192,12,0,0
265,0,0,2,19,48,396,696,8,0,0
13,1,0,1,8,8,995,529,6,0,1
139,0,1,5,13,7,468,1094,7,0,0
187,0,0,6,2,29,1077,976,6,0,0
295,0,0,3,11,58,609,563,2,0,0
178,1,0,1,13,44,825,203,12,0,1
49,0,0,0,15,3,270,844,3,0,0
29,0,1,2,3,48,1016,1015,6,0,0
264,1,1,4,3,4,90,42,7,0,2
150,1,0,4,15,17,1323,100,1,0,0
155,0,0,4,3,41,939,1135,11,0,0
149,1,1,4,14,32,668,231,12,0,2
125,0,1,6,18,9,1392,1027,9,0,0
176,0,0,6,2,48,578,141,2,0,0
203,0,1,3,12,24,1149,99,6,0,0
124,1,0,1,14,0,1340,1015,7,0,1
87,0,1,5,14,24,635,231,1,0,0
204,1,0,5,12,39,339,958,1,0,1
215,1,0,0,14,53,1149,736,1,0,1
82,1,0,3,9,11,733,12,4,1,0
97,0,0,0,17,11,952,480,12,0,0
137,1,1,3,2,21,151,146,10,0,2
239,1,1,4,10,18,435,532,1,0,2
254,1,1,4,15,14,1117,815,11,0,2
241,1,0,5,1,57,745,697,11,0,1
14,1,1,2,10,54,645,157,8,0,2
54,0,1,2,19,55,1195,633,3,0,0
22,1,0,4,3,21,1012,23,5,1,0
97,0,0,1,15,53,17,671,12,0,0
82,0,0,2,7,14,538,63,8,0,0
284,0,0,0,4,49,1419,627,12,0,0
182,1,0,1,4,9,33,898,7,0,1
50,1,1,3,14,37,969,1080,11,0,2
266,0,0,4,12,25,1196,263,5,0,0
21,0,1,2,11,29,576,920,1,0,0
235,1,0,5,19,60,72,587,10,0,1
161,0,1,4,6,21,126,160,10,0,0
239,1,0,3,9,0,691,1146,2,0,1
293,1,1,1,3,42,10,510,9,0,2
145,0,0,0,18,1,763,641,11,0,0
141,1,1,3,8,41,850,1155,6,0,2
233,0,1,1,3,57,404,1104,9,0,0
265,1,1,5,9,40,933,1073,9,0,2
46,0,1,1,3,31,350,219,4,0,0
66,1,1,3,11,16,1402,179,5,0,2
13,0,0,1,3,59,137,292,10,0,0
43,1,1,2,16,50,685,1015,12,0,2
254,0,1,3,19,50,126,461,10,0,0
62,0,1,3,17,24,138,1143,1,0,0
261,1,0,4,16,21,246,262,6,0,1
202,1,0,0,20,24,77,386,6,0,1
93,1,1,3,8,58,1146,666,6,0,2
242,0,0,0,16,2,407,114,1,0,0
153,1,0,4,4,24,590,765,4,0,1
149,1,1,2,14,29,1136,1084,3,0,2
85,0,1,1,3,19,704,813,2,0,0
58,1,1,3,8,9,489,549,1,0,2
167,0,1,6,8,38,457,1192,3,0,0
201,1,0,0,15,22,767,511,3,0,1
108,1,1,5,13,24,1058,145,12,0,2
133,1,1,4,5,22,251,894,4,0,2
15,0,0,3,19,39,1445,646,6,0,0
174,0,1,3,3,9,1026,713,9,0,0
228,0,1,6,8,10,233,458,2,0,0
89,0,1,3,10,44,702,600,2,0,0
186,1,1,3,2,18,348,517,3,0,2
177,1,1,5,1,29,178,1181,12,0,2
34,1,0,0,20,48,1133,1034,10,0,1
280,0,0,5,6,32,1114,587,3,0,0
78,1,1,4,9,20,81,352,12,0,2
175,1,1,2,7,0,438,1032,9,0,2
168,1,1,1,19,9,640,875,2,0,2
185,1,1,2,16,44,975,1100,5,0,2
231,0,1,6,20,18,917,963,12,0,0
115,1,1,2,18,31,488,1012,3,0,2
15,1,1,5,14,19,1479,419,7,0,2
57,0,0,3,10,43,185,59,5,0,0
51,1,1,0,12,25,130,606,7,0,2
125,0,0,0,7,1,1337,148,4,0,0
112,1,1,2,11,32,406,1037,8,0,2
102,0,1,5,10,6,569,790,9,0,0
34,0,0,0,9,13,853,14,7,1,0
282,1,0,3,6,20,1175,676,9,0,1
239,0,0,2,11,9,742,357,3,0,0
243,0,1,5,14,18,426,1047,12,0,0
9,0,0,5,14,26,38,596,6,0,0
114,0,0,0,9,5,621,933,3,0,0
150,1,0,3,16,43,79,475,6,0,1
174,1,0,5,14,50,1166,913,4,0,1
262,1,1,1,20,51,612,529,9,0,2
77,0,1,1,1,37,462,112,3,0,0
195,0,0,4,13,33,1167,914,3,0,0
54,1,0,5,11,6,262,246,8,0,1
144,1,0,0,6,29,1378,312,10,0,1
40,0,0,3,19,26,1094,1130,9,0,0
262,0,0,6,6,52,268,1043,11,0,0
297,0,0,4,2,46,372,836,8,0,0
252,1,1,3,1,44,496,139,3,0,2
111,0,0,3,1,43,1326,397,3,0,0
172,1,1,0,14,23,825,86,10,0,2
219,0,1,0,19,56,1454,878,2,0,0
246,1,0,3,15,36,153,4,6,1,0
261,0,1,0,7,57,1459,1120,9,0,0
140,1,1,1,14,0,1362,145,7,0,2
189,1,1,5,19,7,1444,940,7,0,2
197,1,1,2,20,20,622,1179,6,0,2
234,1,0,0,11,38,1162,940,1,0,1
100,1,1,2,19,42,485,5,6,1,2
253,0,0,3,2,1,1041,1057,2,0,0
159,1,1,1,20,7,783,981,12,0,2
159,1,1,4,19,37,937,1087,9,0,2
207,1,0,2,9,26,785,854,2,0,1
189,0,1,3,18,55,1186,121,4,0,0
277,0,0,0,12,23,1275,962,12,0,0
48,0,0,2,6,32,306,488,2,0,0
36,1,0,1,20,12,678,247,8,0,1
162,0,0,0,16,48,769,467,2,0,0
59,0,0,1,15,23,1026,396,12,0,0
171,0,0,4,16,4,338,579,10,0,0
114,1,0,4,14,21,457,345,4,0,1
299,1,0,6,16,44,1354,651,5,0,1
282,0,0,5,8,17,91,144,2,0,0
267,1,1,3,1,35,1382,665,5,0,2
129,1,0,5,1,13,1240,711,3,0,1
121,0,0,0,17,50,132,422,4,0,0
153,1,0,4,10,19,24,31,5,0,0
260,0,1,4,8,31,836,290,3,0,0
102,0,0,5,15,18,215,745,10,0,0
48,0,1,5,2,22,768,491,8,0,0
284,1,0,5,13,22,0,259,1,0,1
108,1,0,4,1,42,409,183,7,0,1
24,1,1,0,18,0,439,1119,5,0,2
45,1,0,3,16,54,951,317,2,0,1
191,0,0,0,8,40,726,98,5,0,0
214,0,0,2,20,42,517,223,9,0,0
20,1,1,5,9,31,1094,266,3,0,2
203,0,0,2,19,57,646,303,6,0,0
172,1,1,3,9,28,555,80,6,0,2
13,0,1,1,1,26,572,1050,11,0,0
210,1,1,6,12,0,734,26,5,1,2
112,0,1,2,16,34,635,265,6,0,0
47,0,0,1,3,49,1484,519,5,0,0
245,0,0,5,10,51,841,835,4,0,0
110,1,1,0,12,28,290,369,6,0,2
98,0,0,6,17,20,174,213,8,0,0
109,0,1,0,5,42,1060,954,3,0,0
242,0,0,0,1,26,742,1186,2,0,0
166,0,0,3,6,35,63,791,4,0,0
80,0,0,5,2,11,1230,658,4,0,0
103,0,1,1,1,15,509,701,9,0,0
76,0,1,5,1,56,1363,986,5,0,0
272,0,0,3,20,0,703,850,6,0,0
42,1,1,5,13,3,710,463,2,0,2
42,1,1,0,15,36,236,389,8,0,2
175,0,1,5,15,59,285,3,9,1,0
139,1,0,5,1,40,1265,219,9,0,1
182,1,1,3,10,14,333,541,3,0,2
154,1,0,0,11,7,253,976,2,0,1
88,1,1,5,2,33,1332,1020,11,0,2
258,1,1,0,17,55,612,480,2,0,2
16,1,1,2,10,13,1069,412,5,0,2
160,0,1,6,10,44,391,384,2,0,0
164,0,0,6,8,26,1470,866,3,0,0
126,1,0,0,19,18,993,1181,5,0,1
177,1,1,6,17,42,832,465,1,0,2
32,0,1,6,3,42,619,604,4,0,0
226,0,0,1,8,51,788,884,12,0,0
294,1,1,1,7,17,85,1134,12,0,2
123,1,1,4,4,27,433,520,11,0,2
31,0,1,1,17,23,992,597,4,0,0
65,1,0,6,14,57,1099,947,8,0,1
251,1,0,6,12,43,74,566,6,0,1
133,0,0,4,11,10,330,271,11,0,0
175,1,1,6,19,3,790,439,1,0,2
215,0,0,6,12,40,1048,58,8,0,0
259,1,0,1,4,56,1269,524,6,0,1
116,0,0,4,8,8,1358,492,4,0,0
8,0,1,5,1,48,1045,453,2,0,0
282,0,1,6,17,56,269,63,12,0,0
138,1,0,6,15,14,1184,917,8,0,1
171,1,1,2,16,29,1207,1028,3,0,2
231,0,1,3,1,28,67,287,4,0,0
220,1,1,1,15,27,512,597,9,0,2
71,0,0,3,7,45,1056,597,2,0,0
285,0,1,5,12,10,1325,865,8,0,0
62,0,1,0,10,5,736,454,7,0,0
210,1,1,2,9,29,8,708,12,0,2
285,0,1,3,19,46,595,720,5,0,0
162,1,1,5,9,29,4,28,12,1,2
87,0,0,4,20,27,110,1140,10,0,0
31,1,1,4,10,44,323,982,5,0,2
293,1,0,1,7,36,769,1021,9,0,1
87,0,0,6,19,59,651,54,10,0,0
141,0,0,1,15,47,201,1093,2,0,0
8,1,1,6,15,34,535,813,12,0,2
184,0,1,5,3,4,1360,294,1,0,0
277,0,1,3,19,43,422,1092,11,0,0
160,1,1,1,12,27,580,405,12,0,2
17,0,0,2,13,2,172,363,8,0,0
42,0,0,2,17,8,685,342,2,0,0
153,1,0,6,12,17,1192,348,2,0,1
185,0,0,3,18,27,900,431,1,0,0
65,1,1,2,18,52,977,534,5,0,2
165,0,1,0,10,28,243,169,12,0,0
141,1,1,1,1,3,124,760,7,0,2
159,0,1,2,14,41,160,237,6,0,0
70,0,1,0,1,22,996,406,12,0,0
51,1,1,1,4,9,549,107,1,0,2
65,1,0,2,9,7,640,400,9,0,1
238,1,0,3,12,35,1222,611,2,0,1
80,0,1,0,11,56,306,658,6,0,0
126,0,0,3,1,25,118,843,3,0,0
197,1,1,5,5,12,1480,627,11,0,2
256,1,0,5,15,1,1090,802,2,0,1
31,0,0,5,7,45,257,340,11,0,0
294,1,0,1,9,46,494,526,3,0,1
157,0,0,0,4,17,828,617,2,0,0
297,0,0,2,3,54,1469,949,6,0,0
114,0,1,1,18,6,883,500,3,0,0
281,1,0,2,17,40,1209,2,7,1,0
297,0,0,2,19,59,538,361,5,0,0
227,0,0,3,16,53,962,338,2,0,0
51,1,0,0,16,17,1,1067,4,0,1
70,1,1,6,20,51,1175,928,10,0,2
71,0,1,0,1,8,1235,988,8,0,0
212,0,0,4,13,26,279,645,9,0,0
150,0,1,1,10,54,1143,327,7,0,0
62,1,1,4,11,46,820,957,1,0,2
141,0,0,1,3,27,248,821,3,0,0
29,1,1,6,12,5,871,415,3,0,2
159,1,0,2,20,43,21,419,5,0,1
21,1,0,3,7,5,66,82,4,0,0
222,1,0,5,19,34,167,1110,9,0,1
204,0,0,6,16,10,585,778,12,0,0
230,1,1,1,9,40,1071,559,2,0,2
237,1,0,5,2,59,706,641,11,0,1
117,0,0,6,14,31,730,945,9,0,0
257,0,0,6,17,59,900,394,3,0,0
274,1,1,3,1,24,685,229,10,0,2
223,1,0,3,1,43,194,78,1,0,0
99,1,0,0,5,10,980,788,12,0,1
234,0,0,6,8,44,1180,853,9,0,0
62,0,0,0,6,51,234,212,12,0,0
93,1,1,6,14,39,475,164,5,0,2
37,1,0,5,6,5,1012,495,2,0,1
151,0,0,5,10,44,140,116,4,0,0
29,0,1,5,15,48,1234,1184,3,0,0
164,0,1,3,19,32,867,818,1,0,0
155,1,0,3,12,54,382,688,3,0,1
175,1,0,3,4,5,701,66,5,0,0
179,1,0,2,14,15,775,582,11,0,1
247,0,0,1,17,14,547,994,6,0,0
206,0,1,2,5,21,198,111,3,0,0
195,1,1,6,14,39,383,695,10,0,2
49,0,0,3,13,12,1308,695,5,0,0
176,1,1,2,17,5,1207,507,8,0,2
169,0,1,1,16,33,1125,273,9,0,0
155,0,0,5,12,23,1142,445,3,0,0
254,0,1,3,2,6,392,780,1,0,0
39,1,1,1,18,22,443,565,7,0,2
221,1,1,3,12,18,14,428,2,0,2
41,1,0,4,2,50,1310,420,10,0,1
26,1,1,5,5,43,998,850,12,0,2
163,1,1,3,1,38,1114,372,11,0,2
221,0,1,5,19,35,753,4,5,1,0
271,1,0,2,6,9,429,52,5,0,0
16,1,0,1,6,43,1259,444,10,0,1
276,0,0,5,17,53,550,1033,8,0,0
248,1,0,6,3,29,80,755,4,0,1
29,0,0,4,14,8,576,411,11,0,0
170,1,0,5,20,58,240,503,5,0,1
279,0,0,4,17,55,571,879,7,0,0
286,0,0,3,15,56,156,398,10,0,0
123,1,1,3,13,22,439,968,12,0,2
222,1,1,4,17,59,849,888,8,0,2
89,0,0,2,15,32,766,123,4,0,0
71,1,1,1,13,30,357,413,12,0,2
39,0,0,0,9,56,1301,1156,12,0,0
65,1,1,4,12,7,789,1158,4,0,2
180,0,1,6,4,20,1325,1118,2,0,0
8,0,0,4,16,22,1357,161,3,0,0
150,1,0,3,5,0,526,292,7,0,1
258,0,0,1,2,40,141,988,2,0,0
30,0,1,5,11,49,1333,138,10,0,0
31,1,1,6,19,36,331,548,3,0,2
120,1,0,1,17,51,558,467,1,0,1
61,0,1,5,16,8,630,367,1,0,0
188,0,0,4,13,60,199,284,1,0,0
208,0,0,4,7,51,982,1198,6,0,0
184,1,0,6,7,54,1117,1089,1,0,1
87,0,0,5,6,21,736,1064,12,0,0
85,0,1,0,9,31,426,375,11,0,0
156,0,0,4,13,21,222,1168,5,0,0
205,1,1,1,16,37,1251,1078,2,0,2
286,1,1,1,4,26,784,136,5,0,2
200,1,1,2,4,39,40,538,3,0,2
226,1,1,0,6,31,938,467,6,0,2
247,0,1,5,12,28,555,607,3,0,0
186,1,1,3,10,27,1254,768,4,0,2
195,0,1,2,17,7,1120,691,9,0,0
115,0,0,1,16,27,395,324,9,0,0
15,1,0,3,9,36,971,376,1,0,1
175,1,0,1,12,52,569,190,9,0,1
67,0,1,3,13,31,74,815,9,0,0
86,1,1,3,19,11,320,1151,12,0,2
94,1,0,2,3,22,1132,597,6,0,1
95,1,1,0,4,35,646,1131,10,0,2
109,1,1,0,3,13,1234,774,12,0,2
184,1,0,6,7,24,388,1182,12,0,1
54,0,0,3,19,16,629,720,7,0,0
35,0,1,3,11,6,121,1119,6,0,0
130,1,0,1,16,0,1140,490,11,0,1
130,0,1,2,4,0,505,100,6,0,0
254,1,1,5,2,22,33,35,5,0,2
176,1,0,2,3,26,1023,26,1,1,0
38,1,1,0,19,59,703,980,12,0,2
258,1,0,1,11,59,1078,6,4,1,0
276,1,0,3,11,57,40,1035,4,0,1
207,0,0,6,3,7,582,953,2,0,0
259,0,0,6,13,60,671,306,6,0,0
135,1,0,5,7,31,150,747,11,0,1
190,1,0,1,1,11,1440,1092,6,0,1
112,0,1,5,18,41,1131,427,3,0,0
64,0,0,5,8,52,1379,72,12,0,0
212,0,1,0,13,21,787,81,5,0,0
99,1,0,6,8,30,1050,508,6,0,1
293,1,0,1,8,26,514,296,3,0,1
292,0,0,0,10,35,548,1085,10,0,0
198,1,0,0,16,33,903,678,6,0,1
210,1,0,2,16,20,1411,882,3,0,1
102,1,0,4,12,5,1385,124,11,0,0
209,1,0,6,14,29,1122,1012,9,0,1
279,0,1,5,15,58,1026,251,12,0,0
84,1,0,5,2,36,760,983,1,0,1
45,0,0,3,4,57,1338,926,10,0,0
256,1,1,2,9,21,367,418,7,0,2
229,1,0,6,18,6,999,834,1,0,1
91,1,0,5,1,25,1116,1144,4,0,1
136,0,0,5,11,56,1193,239,8,0,0
243,1,0,4,2,50,685,357,10,0,1
199,1,1,2,11,50,775,523,12,0,2
112,1,1,5,6,24,231,17,11,1,2
51,0,1,2,3,30,386,971,12,0,0
30,0,0,5,5,14,1070,565,2,0,0
27,0,1,3,18,34,1257,126,6,0,0
148,1,0,1,10,56,265,348,4,0,1
174,0,1,5,3,49,280,374,5,0,0
116,0,0,2,15,55,209,160,6,0,0
152,0,1,5,17,8,1383,819,9,0,0
176,0,0,1,12,45,1469,672,8,0,0
118,1,0,3,4,43,749,149,10,0,0
225,1,0,0,9,2,1119,134,7,0,0
76,1,1,4,18,22,1342,302,10,0,2
107,0,0,2,16,30,1062,223,2,0,0
298,0,0,1,14,42,1171,414,5,0,0
129,0,0,6,1,4,217,706,7,0,0
173,0,1,3,5,26,1368,1051,5,0,0
290,0,1,5,2,55,524,122,10,0,0
58,1,0,2,11,38,1485,815,10,0,1
131,1,0,5,8,60,707,778,1,0,1
31,0,0,0,12,10,833,582,5,0,0
146,0,1,5,12,59,497,293,8,0,0
15,0,1,0,12,57,535,831,7,0,0
150,0,1,5,5,60,412,673,1,0,0
196,1,1,0,6,18,1179,529,5,0,2
116,0,1,1,7,50,105,934,5,0,0
232,1,1,6,6,6,1392,63,3,0,2
179,0,0,1,7,39,356,818,4,0,0
5,1,0,3,8,36,53,864,8,0,1
21,0,1,2,20,54,684,1068,8,0,0
179,1,0,0,5,13,1084,683,9,0,1
167,1,0,3,4,22,548,36,3,0,0
83,1,1,5,16,36,996,5,10,1,2
103,0,0,3,12,9,1168,1062,11,0,0
57,0,1,4,9,0,571,1011,8,0,0
300,1,1,6,14,17,892,413,12,0,2
188,1,0,1,18,21,780,760,1,0,1
5,0,0,0,13,15,1343,29,1,1,0
100,0,1,5,3,10,353,1104,7,0,0
241,1,1,3,12,18,95,557,12,0,2
43,0,0,2,1,32,1380,814,7,0,0
179,0,1,3,8,35,835,724,11,0,0
289,0,1,3,15,48,615,1124,11,0,0
179,0,0,3,14,57,382,380,11,0,0
174,1,1,4,1,1,69,259,5,0,2
176,1,1,6,6,0,1464,562,2,0,2
224,1,1,6,6,41,1117,863,2,0,2
37,1,1,0,3,2,1487,68,5,0,2
174,1,1,1,20,8,818,656,1,0,2
98,0,1,4,10,8,1258,1121,5,0,0
199,0,1,3,19,37,1015,122,9,0,0
41,1,0,5,7,8,1059,347,1,0,1
206,1,1,6,14,32,18,368,1,0,2
221,0,0,6,14,44,1393,800,11,0,0
35,1,1,6,1,41,1153,1082,1,0,2
53,0,0,5,17,16,245,238,8,0,0
159,1,0,0,5,34,399,1033,12,0,1
265,1,1,2,9,27,368,549,2,0,2
57,0,1,5,1,43,1243,495,11,0,0
292,1,1,1,6,22,1278,694,5,0,2
183,0,1,2,11,16,1160,374,5,0,0
54,1,1,1,20,50,1391,949,8,0,2
110,1,1,5,12,25,1475,877,8,0,2
130,0,0,5,7,26,81,475,10,0,0
69,0,1,4,1,1,1112,416,1,0,0
143,0,0,1,2,24,1089,620,6,0,0
242,0,1,2,20,56,1284,18,5,1,0
100,1,1,1,10,41,1270,345,3,0,2
86,0,0,6,3,34,1193,370,8,0,0
27,0,0,1,1,52,735,605,9,0,0
6,1,1,2,19,12,841,307,5,0,2
157,1,1,4,9,57,1101,1026,11,0,2
120,1,1,6,20,35,459,938,2,0,2
68,1,1,6,12,30,478,187,8,0,2
37,1,0,3,18,3,267,364,9,0,1
182,0,0,0,4,36,151,1017,1,0,0
34,0,1,3,10,33,793,978,2,0,0
115,0,0,6,20,60,276,662,5,0,0
221,0,1,1,19,9,931,295,10,0,0
118,1,0,2,9,17,1493,839,7,0,1
162,0,0,6,8,25,579,666,7,0,0
162,0,0,0,10,50,553,302,2,0,0
284,1,1,5,1,18,983,363,11,0,2
279,1,1,5,18,35,291,384,2,0,2
271,0,1,1,6,9,250,705,11,0,0
80,1,1,4,11,7,1011,515,4,0,2
112,1,0,1,8,20,1374,825,12,0,1
31,1,1,0,14,20,185,347,8,0,2
143,0,1,6,18,44,557,975,3,0,0
180,0,0,1,1,57,743,664,7,0,0
8,1,1,3,14,21,176,480,4,0,2
241,1,0,1,15,16,851,1111,4,0,1
117,1,1,2,18,6,1223,751,5,0,2
115,1,0,6,16,58,113,1021,7,0,1
8,0,0,2,7,37,520,85,11,0,0
162,0,1,1,17,23,1237,24,4,1,0
223,0,0,1,14,26,1046,608,6,0,0
193,0,1,5,3,6,277,298,11,0,0
76,0,1,0,12,45,1496,1179,12,0,0
35,1,1,3,4,12,999,87,6,0,2
138,1,0,0,16,26,528,570,4,0,1
67,0,1,2,5,53,1078,623,9,0,0
31,1,1,2,12,26,291,545,10,0,2
253,0,1,4,7,47,830,462,3,0,0
53,1,1,4,17,25,615,1156,2,0,2
120,0,0,3,1,59,744,270,11,0,0
176,1,1,3,13,14,1472,254,8,0,2
177,0,0,3,18,41,231,98,11,0,0
123,1,1,2,3,41,1229,204,6,0,2
185,0,1,5,11,46,812,855,5,0,0
225,0,1,3,20,47,698,170,6,0,0
54,0,1,0,10,44,1187,852,1,0,0
211,1,1,0,10,38,713,333,11,0,2
144,0,0,5,20,31,1279,915,8,0,0
264,0,0,3,15,59,368,120,12,0,0
116,0,0,4,2,46,148,1058,5,0,0
12,1,0,4,18,10,1404,1000,2,0,1
125,0,1,1,15,6,603,947,8,0,0
62,1,0,1,1,7,1149,547,8,0,1
257,1,1,5,16,43,842,608,7,0,2
174,1,1,3,18,24,43,660,11,0,2
43,1,1,4,6,15,1153,389,3,0,2
290,0,0,0,17,37,642,173,7,0,0
140,1,1,2,13,25,116,136,12,0,2
268,1,1,1,11,13,947,677,8,0,2
173,0,0,3,1,40,356,528,11,0,0
197,1,1,4,7,19,683,267,5,0,2
84,1,1,1,15,35,968,196,6,0,2
38,1,1,1,15,36,882,802,12,0,2
123,0,1,0,3,3,771,996,7,0,0
234,0,1,0,10,58,470,323,6,0,0
196,1,1,6,10,12,773,618,8,0,2
128,0,0,2,1,1,472,1031,11,0,0
269,1,0,6,13,20,919,1132,4,0,1
173,0,1,3,4,50,302,212,9,0,0
291,1,1,2,12,11,160,1135,9,0,2
299,0,0,5,19,32,494,539,8,0,0
44,0,1,2,10,24,851,354,10,0,0
159,0,0,4,20,28,214,29,5,1,0
85,0,0,3,7,8,84,202,4,0,0
274,1,0,2,10,8,183,365,10,0,1
257,0,1,4,16,49,527,1130,8,0,0
233,0,1,3,1,34,1240,404,5,0,0
130,0,1,3,14,52,1163,167,10,0,0
106,0,0,0,7,39,467,332,1,0,0
232,1,0,4,6,54,606,705,9,0,1
250,1,1,0,14,24,386,717,1,0,2
240,1,1,3,7,38,1316,491,5,0,2
66,0,1,5,11,43,1445,113,4,0,0
15,0,0,1,17,11,580,1196,11,0,0
186,1,0,2,18,9,1466,67,4,0,0
83,0,1,6,2,4,1067,736,1,0,0
96,0,1,5,19,7,952,364,2,0,0
215,1,0,5,16,28,910,849,3,0,1
180,1,0,0,5,36,1109,205,3,0,1
33,0,1,0,5,17,1071,946,4,0,0
239,0,1,3,9,18,42,50,12,0,0
287,1,0,2,12,30,355,1108,9,0,1
38,0,0,0,5,53,638,463,1,0,0
163,0,1,5,15,19,976,1128,3,0,0
68,0,1,2,19,5,261,679,6,0,0
262,1,0,3,12,21,1394,657,11,0,1
277,1,0,4,7,60,3,987,5,0,1
65,1,0,5,8,7,1348,648,10,0,1
122,1,1,3,10,7,805,220,11,0,2
280,1,0,2,13,47,907,606,9,0,1
223,0,1,2,13,44,353,48,4,0,0
143,0,0,2,3,58,657,243,1,0,0
251,1,0,4,14,17,417,1020,3,0,1
255,0,1,2,13,42,128,220,3,0,0
241,1,1,5,15,34,984,450,10,0,2
228,0,1,5,1,57,979,963,3,0,0
216,0,0,2,17,1,773,1196,5,0,0
184,1,0,3,4,38,1321,323,7,0,1
265,0,0,5,16,35,585,774,1,0,0
279,1,1,6,4,1,123,105,9,0,2
184,0,0,1,20,55,1310,807,11,0,0
149,0,0,2,17,26,167,773,7,0,0
22,0,0,5,3,33,790,292,1,0,0
6,1,1,2,11,50,357,1121,10,0,2
72,0,0,0,16,0,855,226,10,0,0
223,1,1,0,5,11,776,312,5,0,2
143,1,0,6,20,37,1472,666,7,0,1
168,1,1,6,7,17,715,720,6,0,2
87,0,0,0,15,37,716,278,3,0,0
86,1,1,3,17,7,1177,1032,4,0,2
60,0,0,6,20,34,263,451,10,0,0
24,0,1,4,14,0,276,618,4,0,0
254,0,0,5,14,19,876,179,6,0,0
192,0,1,6,8,56,920,64,2,0,0
117,1,1,0,20,58,180,578,4,0,2
96,0,1,2,8,18,147,710,7,0,0
26,1,0,0,7,56,744,315,11,0,1
8,0,1,4,20,47,355,808,8,0,0
175,0,1,5,9,41,634,919,5,0,0
155,1,1,2,4,19,1057,660,1,0,2
231,0,0,0,12,26,704,443,10,0,0
182,1,1,1,16,55,478,988,6,0,2
226,1,0,0,11,47,1499,1046,3,0,1
57,1,0,0,7,38,1113,528,9,0,1
15,0,1,1,2,33,1200,799,1,0,0
55,0,0,0,11,57,1434,12,6,1,0
98,1,0,6,8,18,396,431,3,0,1
136,1,0,6,4,15,1369,636,3,0,1
91,0,1,0,5,37,742,756,11,0,0
77,0,0,4,4,34,329,801,7,0,0
141,1,1,1,20,24,1097,1146,7,0,2
90,0,0,6,14,44,858,95,11,0,0
125,1,0,5,9,50,423,989,10,0,1
163,1,0,1,6,5,1171,486,8,0,1
13,0,1,3,1,0,1446,898,4,0,0
99,1,1,2,4,24,454,826,10,0,2
26,0,1,3,12,26,1318,410,8,0,0
118,0,1,6,15,8,173,177,2,0,0
219,0,1,0,14,50,1303,630,8,0,0
213,1,0,0,17,0,1314,731,9,0,1
276,0,1,4,5,18,888,602,9,0,0
222,0,1,0,18,40,1219,489,3,0,0
130,0,0,3,9,20,1294,1037,3,0,0
91,1,1,6,10,31,1344,661,5,0,2
279,0,0,1,20,56,1065,1177,7,0,0
275,0,0,5,11,30,88,404,3,0,0
50,1,0,5,17,48,268,429,8,0,1
39,1,0,3,18,11,1451,1017,1,0,1
71,1,0,1,12,14,1160,881,11,0,1
272,0,0,2,19,6,996,482,9,0,0
95,0,1,6,10,47,841,1012,7,0,0
270,1,0,1,12,19,458,516,11,0,1
174,0,0,5,11,1,80,1020,8,0,0
143,1,0,2,2,59,697,999,5,0,1
201,1,1,3,17,15,586,314,9,0,2
82,1,0,5,11,19,149,1137,5,0,1
102,0,1,0,2,26,1108,391,1,0,0
229,1,1,1,2,15,507,1076,2,0,2
114,0,0,3,17,5,1352,538,5,0,0
72,1,0,0,6,55,878,651,9,0,1
256,1,0,3,17,38,656,852,11,0,1
86,1,0,0,6,34,883,372,4,0,1
196,1,1,4,20,46,1454,864,8,0,2
6,0,1,3,13,1,694,532,12,0,0
125,1,0,1,15,55,1078,33,3,0,0
239,0,1,4,7,34,1084,493,12,0,0
89,1,1,2,4,53,181,14,1,1,2
251,0,0,2,12,20,310,538,6,0,0
107,1,0,3,14,42,884,172,8,0,0
279,0,1,2,16,0,218,899,11,0,0
281,0,0,3,20,13,1465,1032,3,0,0
293,0,1,4,10,31,38,543,11,0,0
77,1,1,3,11,59,1141,8,10,1,2
54,0,1,4,13,35,182,976,7,0,0
216,1,0,0,13,44,857,1025,12,0,1
173,1,1,2,2,48,331,880,4,0,2
231,0,1,6,2,28,1124,1063,2,0,0
184,1,1,3,20,43,619,1121,8,0,2
256,1,0,2,20,27,960,474,1,0,1
102,0,1,0,5,23,1193,781,11,0,0
65,1,1,4,15,14,1070,928,11,0,2
260,0,1,6,17,17,926,162,6,0,0
167,1,0,1,19,11,450,99,3,0,0
123,1,0,2,16,18,975,773,6,0,1
195,1,1,4,1,60,630,784,12,0,2
206,0,1,6,7,47,639,1127,10,0,0
38,0,0,4,18,45,318,923,9,0,0
145,0,1,5,17,35,519,637,5,0,0
45,0,0,6,14,23,1135,511,2,0,0
226,1,1,1,11,46,833,430,6,0,2
29,0,1,6,3,10,865,834,1,0,0
30,0,1,2,1,57,591,800,4,0,0
20,0,1,5,9,11,369,337,7,0,0
256,1,0,5,9,26,117,191,10,0,1
226,1,1,5,15,56,267,851,9,0,2
21,0,0,2,7,60,812,578,12,0,0
216,1,1,6,11,9,1434,1140,2,0,2
106,0,1,3,16,22,217,400,8,0,0
68,1,1,0,10,46,1352,860,10,0,2
148,0,1,6,13,53,1275,792,9,0,0
61,0,0,5,16,56,1232,421,12,0,0
7,0,0,4,14,0,929,986,5,0,0
53,0,0,2,17,24,320,414,5,0,0
272,0,1,6,14,18,940,885,8,0,0
50,1,1,3,6,51,1173,114,6,0,2
68,0,1,2,2,11,1416,1198,11,0,0
201,1,1,1,15,45,343,552,1,0,2
215,0,0,1,6,1,305,1110,10,0,0
125,1,0,5,20,6,1138,1175,7,0,1
51,0,1,4,18,42,1442,603,2,0,0
37,1,0,0,8,2,1439,875,6,0,1
8,1,0,6,6,20,716,517,6,0,1
8,0,0,2,20,8,418,48,7,0,0
245,1,0,1,9,11,1096,520,5,0,1
113,0,0,6,6,51,951,1144,7,0,0
145,0,1,0,5,34,1072,660,5,0,0
32,1,0,6,16,44,360,1179,8,0,1
200,0,1,0,13,26,1351,375,6,0,0
26,0,1,2,20,42,694,510,6,0,0
206,1,0,1,14,14,382,1109,1,0,1
113,1,0,2,2,10,1152,900,2,0,1
41,0,0,0,20,59,172,20,4,1,0
54,0,0,3,11,29,559,699,4,0,0
34,0,1,2,8,38,1270,614,2,0,0
283,0,0,0,12,33,3,277,10,0,0
52,1,0,1,10,19,1288,268,7,0,1
41,1,0,4,12,23,1457,687,7,0,1
148,1,0,4,18,32,1057,697,11,0,1
140,1,0,5,4,41,782,980,12,0,1
148,1,0,4,16,57,346,836,10,0,1
213,1,1,5,1,23,930,687,5,0,2
35,0,0,5,8,38,1039,440,1,0,0
283,1,1,2,6,32,1015,572,6,0,2
26,0,1,2,19,40,1179,185,9,0,0
255,0,1,2,2,14,178,247,7,0,0
37,1,1,3,10,51,991,905,9,0,2
216,0,0,3,20,43,1134,163,11,0,0
30,0,1,2,3,44,185,231,2,0,0
104,1,0,4,16,5,14,436,4,0,1
195,0,0,3,8,9,701,520,3,0,0
293,1,0,4,3,57,976,993,8,0,1
226,1,1,5,17,0,1040,543,1,0,2
183,1,1,5,11,23,1477,1102,12,0,2
35,0,0,3,17,37,1441,117,6,0,0
62,0,0,4,9,10,156,517,7,0,0
180,0,1,6,20,22,1021,277,2,0,0
263,1,1,5,20,24,1304,395,6,0,2
185,1,0,0,4,16,572,617,1,0,1
152,0,1,0,10,58,957,929,10,0,0
79,0,1,1,10,54,1177,214,6,0,0
118,0,1,6,7,50,1178,1050,9,0,0
232,1,0,6,16,24,1071,489,1,0,1
152,1,1,1,9,30,167,546,7,0,2
218,1,0,1,17,27,966,812,11,0,1
155,1,0,6,20,27,372,709,7,0,1
28,0,0,3,20,52,1044,391,9,0,0
113,1,0,1,15,2,937,1029,9,0,1
120,1,1,2,9,26,316,774,8,0,2
28,0,1,2,2,2,876,1133,5,0,0
126,1,0,3,13,32,391,518,4,0,1
163,0,1,0,7,54,149,368,4,0,0
171,1,1,6,2,47,138,560,1,0,2
160,1,0,5,13,35,1117,763,8,0,1
165,0,1,0,2,8,78,467,6,0,0
148,0,0,5,10,17,92,933,4,0,0
216,1,1,3,17,59,605,334,11,0,2
167,1,1,0,12,29,1211,858,7,0,2
229,0,0,5,8,52,164,548,12,0,0
196,1,0,5,10,60,366,532,12,0,1
258,0,0,6,13,36,601,604,4,0,0
190,0,1,6,20,47,1171,481,11,0,0
294,0,0,6,4,46,826,264,12,0,0
101,0,0,6,20,7,1499,133,12,0,0
83,0,0,3,20,42,1480,373,11,0,0
153,1,1,1,5,27,576,598,12,0,2
61,1,0,5,3,13,482,1106,1,0,1
186,1,1,1,17,17,218,96,10,0,2
48,1,0,3,4,19,738,1081,11,0,1
237,1,0,1,8,29,37,517,5,0,1
25,1,1,6,15,37,816,221,12,0,2
169,0,0,6,13,57,74,104,4,0,0
143,1,0,4,8,28,1358,111,10,0,0
50,1,0,3,16,29,982,233,9,0,1
285,0,0,4,16,16,66,1068,4,0,0
244,0,0,0,10,51,322,1031,3,0,0
151,1,1,4,16,18,943,573,5,0,2
103,0,0,2,5,18,107,106,3,0,0
121,1,1,1,13,19,622,281,1,0,2
194,0,1,1,7,29,804,1175,10,0,0
110,1,0,4,18,52,310,405,2,0,1
145,0,0,5,4,37,105,851,8,0,0
104,1,0,2,12,31,832,1174,9,0,1
126,0,1,3,12,59,823,771,6,0,0
144,1,1,6,6,44,136,119,12,0,2
129,0,1,2,5,15,462,851,4,0,0
196,1,0,2,7,9,1117,269,7,0,1
139,0,1,3,16,8,474,175,11,0,0
26,0,0,4,9,18,1133,850,6,0,0
108,0,1,2,6,3,279,559,8,0,0
261,1,1,4,15,10,975,1014,1,0,2
232,0,1,0,11,14,24,341,7,0,0
89,0,1,5,2,36,888,576,5,0,0
243,0,1,2,8,26,193,439,2,0,0
108,1,0,4,1,27,1347,773,2,0,1
213,1,0,5,8,21,1442,436,12,0,1
62,0,0,5,11,54,983,216,2,0,0
235,1,1,5,7,37,208,367,3,0,2
107,0,0,0,16,53,1228,57,5,0,0
184,0,1,3,6,43,1197,730,2,0,0
219,0,1,0,13,15,39,1025,2,0,0
283,1,1,6,17,27,1278,779,10,0,2
295,0,1,3,6,16,99,1090,5,0,0
194,1,0,4,19,52,1053,1096,1,0,1
47,0,0,3,15,4,1455,349,10,0,0
143,0,1,4,18,43,57,909,12,0,0
79,1,0,6,11,9,314,420,7,0,1
178,0,0,5,17,16,661,916,3,0,0
39,1,0,6,16,18,431,1090,4,0,1
33,0,0,4,1,4,332,878,10,0,0
40,0,0,6,6,25,872,553,2,0,0
274,0,0,4,16,31,151,224,10,0,0
119,1,0,6,17,40,245,303,4,0,1
71,1,0,3,18,37,1163,2,10,1,0
209,1,1,4,15,28,119,975,2,0,2
12,1,0,2,6,26,79,1011,11,0,1
92,1,0,4,14,18,750,484,2,0,1
43,1,1,3,1,55,1332,1049,7,0,2
193,0,1,0,12,34,1258,899,7,0,0
83,0,1,6,20,1,1387,97,2,0,0
166,1,1,5,3,35,1050,1064,1,0,2
193,0,1,4,12,55,983,19,2,1,0
53,0,0,6,12,52,353,155,10,0,0
98,0,1,6,5,39,705,664,12,0,0
21,1,0,6,1,27,51,1112,3,0,1
147,0,0,2,15,8,557,507,4,0,0
23,0,1,6,11,41,1201,800,11,0,0
238,0,0,5,8,31,798,346,3,0,0
89,0,0,2,16,44,1136,1012,2,0,0
111,0,0,3,12,36,20,451,10,0,0
167,0,1,0,13,20,448,1027,5,0,0
245,0,0,2,10,36,1419,739,7,0,0
165,1,0,3,6,2,1491,1055,6,0,1
135,1,0,2,3,40,250,554,3,0,1
50,1,1,6,10,24,828,960,6,0,2
249,0,0,2,4,51,114,255,11,0,0
98,0,1,0,11,31,1243,952,12,0,0
243,1,0,4,18,5,1416,716,8,0,1
217,1,0,5,14,9,861,559,7,0,1
71,0,1,5,3,19,1478,70,2,0,0
